id,x,y,group,label
1,0,1,Chapter,Week 1: Introduction to Additive Manufacturing (3 hrs)
2,0,2,Chapter,Week 2: Additive Manufacturing Processes (5 hrs)
3,0,3,Chapter,Week 3: Applications of Additive Manufacturing (5 hrs)
4,0,4,Chapter,Weeks 4-5: An Introduction to Design for AM (10 min)
5,0,5,Chapter,Weeks 4-5: The AM Design Space (3hr 15min)
6,0,6,Chapter,Weeks 4-5: Data Representation and Build Preparation (1hr 45min)
7,0,7,Chapter,Weeks 4-5: Topology Optimization and Generative Design (2 hrs)
8,0,8,Chapter,Weeks 4-5: Implementing DfAM (4 hrs)
9,0,9,Chapter,Weeks 4-5: AM Process Knowledge Base (SUPPLEMENTAL)
10,0,10,Chapter,Week 6: Assessing the Cost and Value of Additive Manufacturing (4-5 hrs)
11,100,1,LO 1,1.1
12,100,2,LO 1,1.2
13,100,3,LO 1,1.3
14,100,4,LO 1,1.4
15,100,5,LO 1,1.5
16,100,6,LO 1,1.6
17,100,7,LO 1,1.7
18,100,8,LO 1,1.8
19,100,9,LO 1,1.9
20,100,10,LO 2,2.1
21,100,11,LO 2,2.2
22,100,12,LO 2,2.3
23,100,13,LO 2,2.4
24,100,14,LO 2,2.5
25,100,15,LO 2,2.6
26,100,16,LO 3,3.1
27,100,17,LO 3,3.2
28,100,18,LO 3,3.3
29,100,19,LO 3,3.4
30,100,20,LO 3,3.5
31,100,21,LO 4,4.1
32,100,22,LO 4,4.2
33,100,23,LO 4,4.3
34,100,24,LO 4,4.4
35,100,25,LO 4,4.5
36,100,26,LO 6,6.1
37,100,27,LO 6,6.2
38,100,28,LO 6,6.3
39,100,29,LO 6,6.4
40,100,30,LO 6,6.5
41,100,31,LO 6,6.6
