"id","label","group","x","y"
1,"Week 1: Introduction to Additive Manufacturing (3 hrs)","Chapter",0,1
2,"Week 2: Additive Manufacturing Processes (5 hrs)","Chapter",0,2
3,"Week 3: Applications of Additive Manufacturing (5 hrs)","Chapter",0,3
4,"Weeks 4-5: An Introduction to Design for AM (10 min)","Chapter",0,4
5,"Weeks 4-5: The AM Design Space (3hr 15min)","Chapter",0,5
6,"Weeks 4-5: Data Representation and Build Preparation (1hr 45min)","Chapter",0,6
7,"Weeks 4-5: Topology Optimization and Generative Design (2 hrs)","Chapter",0,7
8,"Weeks 4-5: Implementing DfAM (4 hrs)","Chapter",0,8
9,"Weeks 4-5: AM Process Knowledge Base (SUPPLEMENTAL)","Chapter",0,9
10,"Week 6: Assessing the Cost and Value of Additive Manufacturing (4-5 hrs)","Chapter",0,10
11,"1.1","LO 1",100,1
12,"1.2","LO 1",100,2
13,"1.3","LO 1",100,3
14,"1.4","LO 1",100,4
15,"1.5","LO 1",100,5
16,"1.6","LO 1",100,6
17,"1.7","LO 1",100,7
18,"1.8","LO 1",100,8
19,"1.9","LO 1",100,9
20,"2.1","LO 2",100,10
21,"2.2","LO 2",100,11
22,"2.3","LO 2",100,12
23,"2.4","LO 2",100,13
24,"2.5","LO 2",100,14
25,"2.6","LO 2",100,15
26,"3.1","LO 3",100,16
27,"3.2","LO 3",100,17
28,"3.3","LO 3",100,18
29,"3.4","LO 3",100,19
30,"3.5","LO 3",100,20
31,"4.1","LO 4",100,21
32,"4.2","LO 4",100,22
33,"4.3","LO 4",100,23
34,"4.4","LO 4",100,24
35,"4.5","LO 4",100,25
36,"6.1","LO 6",100,26
37,"6.2","LO 6",100,27
38,"6.3","LO 6",100,28
39,"6.4","LO 6",100,29
40,"6.5","LO 6",100,30
41,"6.6","LO 6",100,31
