"course_id","user_id","mod_hex_id","module_type","time","period","event_type","event_source","problem_id","attempts","grade","max_grade","success"
"course-v1:MITxPRO+AMxB+1T2018","A1074873","401ee1f6f3684be7b6124490f34adc5a","html+block","2018-05-08 19:10:23",0,"edx.ui.lms.link_clicked","browser",NA,NA,NA,NA,NA
"course-v1:MITxPRO+AMxB+1T2018","A1074873","401ee1f6f3684be7b6124490f34adc5a","html+block","2018-05-08 19:10:23",1.28333333333333,"mod_access","server",NA,NA,NA,NA,NA
"course-v1:MITxPRO+AMxB+1T2018","A1074873","401ee1f6f3684be7b6124490f34adc5a","html+block","2018-05-08 19:11:40",0,"edx.ui.lms.sequence.next_selected","browser",NA,NA,NA,NA,NA
"course-v1:MITxPRO+AMxB+1T2018","A1074873","27bf430c96cb4d8da7368c4697de187b","html+block","2018-05-08 19:11:40",0.0166666666666667,"mod_access","server",NA,NA,NA,NA,NA
"course-v1:MITxPRO+AMxB+1T2018","A1074873","27bf430c96cb4d8da7368c4697de187b","html+block","2018-05-08 19:15:36",0.0833333333333333,"seq_next","browser",NA,NA,NA,NA,NA
"course-v1:MITxPRO+AMxB+1T2018","A1074873","9b9fc7fd30954d7d9ad7d8f8e1cc11d8","problem+block","2018-05-08 19:15:41",0,"problem_graded","browser",NA,NA,NA,NA,NA
"course-v1:MITxPRO+AMxB+1T2018","A1074873","9b9fc7fd30954d7d9ad7d8f8e1cc11d8","problem+block","2018-05-08 19:15:41",0.0333333333333333,"problem_check","server","block-v1:MITxPRO+AMxB+1T2018+type@problem+block@9b9fc7fd30954d7d9ad7d8f8e1cc11d8",1,1,1,"correct"
"course-v1:MITxPRO+AMxB+1T2018","A1074873","27bf430c96cb4d8da7368c4697de187b","html+block","2018-05-08 19:15:43",0,"edx.ui.lms.sequence.next_selected","browser",NA,NA,NA,NA,NA
"course-v1:MITxPRO+AMxB+1T2018","A1074873","04d85100616943f8a3d2b084f403ba5f","html+block","2018-05-08 19:15:43",0.0333333333333333,"mod_access","server",NA,NA,NA,NA,NA
"course-v1:MITxPRO+AMxB+1T2018","A1074873","04d85100616943f8a3d2b084f403ba5f","html+block","2018-05-08 19:15:55",0.15,"mod_access","server",NA,NA,NA,NA,NA
"course-v1:MITxPRO+AMxB+1T2018","A1074873","04d85100616943f8a3d2b084f403ba5f","html+block","2018-05-08 19:16:04",0,"edx.ui.lms.sequence.next_selected","browser",NA,NA,NA,NA,NA
"course-v1:MITxPRO+AMxB+1T2018","A1074873","d538c2a9c6004cc3b62a2514ff7d24f5","html+block","2018-05-08 19:16:04",0.0333333333333333,"mod_access","server",NA,NA,NA,NA,NA
"course-v1:MITxPRO+AMxB+1T2018","A1074873","ea676035d8d84252b7c2c117a74dfe5d","html+block","2018-05-08 19:16:52",0,"mod_access","server",NA,NA,NA,NA,NA
"course-v1:MITxPRO+AMxB+1T2018","A1074873","d538c2a9c6004cc3b62a2514ff7d24f5","html+block","2018-05-08 19:16:52",0.0166666666666667,"edx.ui.lms.sequence.next_selected","browser",NA,NA,NA,NA,NA
"course-v1:MITxPRO+AMxB+1T2018","A1074873","d538c2a9c6004cc3b62a2514ff7d24f5","html+block","2018-05-08 19:39:26",0.3,"mod_access","server",NA,NA,NA,NA,NA
"course-v1:MITxPRO+AMxB+1T2018","A1074873","ea676035d8d84252b7c2c117a74dfe5d","html+block","2018-05-08 19:39:44",0,"mod_access","server",NA,NA,NA,NA,NA
"course-v1:MITxPRO+AMxB+1T2018","A1074873","d538c2a9c6004cc3b62a2514ff7d24f5","html+block","2018-05-08 19:39:44",0.0166666666666667,"edx.ui.lms.sequence.next_selected","browser",NA,NA,NA,NA,NA
"course-v1:MITxPRO+AMxB+1T2018","A1074873","ea676035d8d84252b7c2c117a74dfe5d","html+block","2018-05-08 19:41:40",1.13333333333333,"seq_next","browser",NA,NA,NA,NA,NA
"course-v1:MITxPRO+AMxB+1T2018","A1074873","ea676035d8d84252b7c2c117a74dfe5d","html+block","2018-05-08 19:42:48",0,"edx.ui.lms.sequence.next_selected","browser",NA,NA,NA,NA,NA
"course-v1:MITxPRO+AMxB+1T2018","A1074873","53e13f644d1f4c73ba7f5bfd8020e71f","html+block","2018-05-08 19:42:48",0.0166666666666667,"mod_access","server",NA,NA,NA,NA,NA
"course-v1:MITxPRO+AMxB+1T2018","A1074873","2f6febb9f2514c06827aa6a4bfe1e69d","html+block","2018-05-08 19:45:53",0,"mod_access","server",NA,NA,NA,NA,NA
"course-v1:MITxPRO+AMxB+1T2018","A1074873","53e13f644d1f4c73ba7f5bfd8020e71f","html+block","2018-05-08 19:45:53",0.0333333333333333,"edx.ui.lms.sequence.next_selected","browser",NA,NA,NA,NA,NA
"course-v1:MITxPRO+AMxB+1T2018","A1074873","2f6febb9f2514c06827aa6a4bfe1e69d","html+block","2018-05-08 19:59:13",0.633333333333333,"seq_next","browser",NA,NA,NA,NA,NA
"course-v1:MITxPRO+AMxB+1T2018","A1074873","a67e937f9f1941a9bb6052316e2f2fc4","html+block","2018-05-08 19:59:51",2.33333333333333,"seq_next","browser",NA,NA,NA,NA,NA
"course-v1:MITxPRO+AMxB+1T2018","A1074873","e42dc56d1f8d46ef902e3d38a93e0324","html+block","2018-05-08 20:02:11",1.4,"seq_next","browser",NA,NA,NA,NA,NA
"course-v1:MITxPRO+AMxB+1T2018","A1074873","2f6febb9f2514c06827aa6a4bfe1e69d","html+block","2018-05-08 20:03:35",0,"edx.ui.lms.sequence.next_selected","browser",NA,NA,NA,NA,NA
"course-v1:MITxPRO+AMxB+1T2018","A1074873","5bdb6e60ab5c477f9244243bacb6c984","html+block","2018-05-08 20:03:35",0.0166666666666667,"mod_access","server",NA,NA,NA,NA,NA
"course-v1:MITxPRO+AMxB+1T2018","A1074873","5bdb6e60ab5c477f9244243bacb6c984","html+block","2018-05-08 20:04:12",0.216666666666667,"seq_next","browser",NA,NA,NA,NA,NA
"course-v1:MITxPRO+AMxB+1T2018","A1074873","5bdb6e60ab5c477f9244243bacb6c984","html+block","2018-05-08 20:04:25",0.0166666666666667,"edx.ui.lms.sequence.next_selected","browser",NA,NA,NA,NA,NA
"course-v1:MITxPRO+AMxB+1T2018","A1074873","20c18c18d1424607bd03030afc0dabc9","html+block","2018-05-08 20:04:26",0,"mod_access","server",NA,NA,NA,NA,NA
"course-v1:MITxPRO+AMxB+1T2018","A1074873","20c18c18d1424607bd03030afc0dabc9","html+block","2018-05-08 20:04:43",0,"edx.ui.lms.sequence.next_selected","browser",NA,NA,NA,NA,NA
"course-v1:MITxPRO+AMxB+1T2018","A1074873","fe15037ed0db47ee8afde8f7847b94e6","html+block","2018-05-08 20:04:43",0.0166666666666667,"mod_access","server",NA,NA,NA,NA,NA
"course-v1:MITxPRO+AMxB+1T2018","A1074873","fe15037ed0db47ee8afde8f7847b94e6","html+block","2018-05-08 20:16:30",4.85,"seq_next","browser",NA,NA,NA,NA,NA
