"course_id","user_id","mod_hex_id","module_type","time","period","event_type","event_source","problem_id","attempts","grade","max_grade","success"
"course-v1:MITxPRO+AMxB+1T2018","A1096537","401ee1f6f3684be7b6124490f34adc5a","html+block","2018-05-02 23:13:28",0.15,"mod_access","server",NA,NA,NA,NA,NA
"course-v1:MITxPRO+AMxB+1T2018","A1096537","abe4cc1d66054dddbf408d5043f2921b","html+block","2018-06-06 16:37:01",0,"edx.ui.lms.link_clicked","browser",NA,NA,NA,NA,NA
"course-v1:MITxPRO+AMxB+1T2018","A1096537","abe4cc1d66054dddbf408d5043f2921b","html+block","2018-06-06 16:37:01",0.0833333333333333,"mod_access","server",NA,NA,NA,NA,NA
"course-v1:MITxPRO+AMxB+1T2018","A1096537","fee22a2f9dfa4fc5abd8a82aa14880ab","html+block","2018-06-06 16:37:06",0,"mod_access","server",NA,NA,NA,NA,NA
"course-v1:MITxPRO+AMxB+1T2018","A1096537","abe4cc1d66054dddbf408d5043f2921b","html+block","2018-06-06 16:37:06",0.0166666666666667,"seq_next","browser",NA,NA,NA,NA,NA
"course-v1:MITxPRO+AMxB+1T2018","A1096537","578c2b6ddddd4e34af9d122be164f33c","html+block","2018-06-06 16:37:11",0,"mod_access","server",NA,NA,NA,NA,NA
"course-v1:MITxPRO+AMxB+1T2018","A1096537","fee22a2f9dfa4fc5abd8a82aa14880ab","html+block","2018-06-06 16:37:11",0.0166666666666667,"seq_next","browser",NA,NA,NA,NA,NA
"course-v1:MITxPRO+AMxB+1T2018","A1096537","d1676d2cecee4010a1bfe838e2e963e0","html+block","2018-06-06 16:37:14",0,"mod_access","server",NA,NA,NA,NA,NA
"course-v1:MITxPRO+AMxB+1T2018","A1096537","578c2b6ddddd4e34af9d122be164f33c","html+block","2018-06-06 16:37:14",0,"seq_next","browser",NA,NA,NA,NA,NA
"course-v1:MITxPRO+AMxB+1T2018","A1096537","578c2b6ddddd4e34af9d122be164f33c","html+block","2018-06-06 16:37:14",0.0166666666666667,"seq_next","browser",NA,NA,NA,NA,NA
"course-v1:MITxPRO+AMxB+1T2018","A1096537","d1676d2cecee4010a1bfe838e2e963e0","html+block","2018-06-06 16:37:15",0.0333333333333333,"mod_access","server",NA,NA,NA,NA,NA
"course-v1:MITxPRO+AMxB+1T2018","A1096537","2aed08cdf76c457d88c9e15470bd6585","html+block","2018-06-06 16:37:19",0,"mod_access","server",NA,NA,NA,NA,NA
"course-v1:MITxPRO+AMxB+1T2018","A1096537","d1676d2cecee4010a1bfe838e2e963e0","html+block","2018-06-06 16:37:19",0.0333333333333333,"seq_next","browser",NA,NA,NA,NA,NA
"course-v1:MITxPRO+AMxB+1T2018","A1096537","abe4cc1d66054dddbf408d5043f2921b","html+block","2018-06-06 16:37:23",0.1,"edx.ui.lms.link_clicked","browser",NA,NA,NA,NA,NA
"course-v1:MITxPRO+AMxB+1T2018","A1096537","27bf430c96cb4d8da7368c4697de187b","html+block","2018-06-06 16:38:03",0.0166666666666667,"edx.ui.lms.link_clicked","browser",NA,NA,NA,NA,NA
"course-v1:MITxPRO+AMxB+1T2018","A1096537","27bf430c96cb4d8da7368c4697de187b","html+block","2018-06-06 16:38:04",0.866666666666667,"mod_access","server",NA,NA,NA,NA,NA
"course-v1:MITxPRO+AMxB+1T2018","A1096537","27bf430c96cb4d8da7368c4697de187b","html+block","2018-06-06 16:38:56",0.2,"seq_next","browser",NA,NA,NA,NA,NA
"course-v1:MITxPRO+AMxB+1T2018","A1096537","27bf430c96cb4d8da7368c4697de187b","html+block","2018-06-06 16:39:08",0,"edx.ui.lms.sequence.next_selected","browser",NA,NA,NA,NA,NA
"course-v1:MITxPRO+AMxB+1T2018","A1096537","04d85100616943f8a3d2b084f403ba5f","html+block","2018-06-06 16:39:08",0.0333333333333333,"mod_access","server",NA,NA,NA,NA,NA
"course-v1:MITxPRO+AMxB+1T2018","A1096537","27bf430c96cb4d8da7368c4697de187b","html+block","2018-06-06 16:39:16",0,"edx.ui.lms.link_clicked","browser",NA,NA,NA,NA,NA
"course-v1:MITxPRO+AMxB+1T2018","A1096537","27bf430c96cb4d8da7368c4697de187b","html+block","2018-06-06 16:39:16",0.0166666666666667,"mod_access","server",NA,NA,NA,NA,NA
"course-v1:MITxPRO+AMxB+1T2018","A1096537","9b9fc7fd30954d7d9ad7d8f8e1cc11d8","problem+block","2018-06-06 16:39:22",0,"problem_check","server","block-v1:MITxPRO+AMxB+1T2018+type@problem+block@9b9fc7fd30954d7d9ad7d8f8e1cc11d8",1,1,1,"correct"
"course-v1:MITxPRO+AMxB+1T2018","A1096537","9b9fc7fd30954d7d9ad7d8f8e1cc11d8","problem+block","2018-06-06 16:39:22",0.0666666666666667,"problem_graded","browser",NA,NA,NA,NA,NA
"course-v1:MITxPRO+AMxB+1T2018","A1096537","9b9fc7fd30954d7d9ad7d8f8e1cc11d8","problem+block","2018-06-06 16:39:26",0.133333333333333,"seq_prev","browser",NA,NA,NA,NA,NA
"course-v1:MITxPRO+AMxB+1T2018","A1096537","27bf430c96cb4d8da7368c4697de187b","html+block","2018-06-06 16:39:34",0.05,"edx.ui.lms.link_clicked","browser",NA,NA,NA,NA,NA
"course-v1:MITxPRO+AMxB+1T2018","A1096537","27bf430c96cb4d8da7368c4697de187b","html+block","2018-06-06 16:39:58",0,"edx.ui.lms.link_clicked","browser",NA,NA,NA,NA,NA
"course-v1:MITxPRO+AMxB+1T2018","A1096537","27bf430c96cb4d8da7368c4697de187b","html+block","2018-06-06 16:39:58",5.61666666666667,"mod_access","server",NA,NA,NA,NA,NA
"course-v1:MITxPRO+AMxB+1T2018","A1096537","27bf430c96cb4d8da7368c4697de187b","html+block","2018-06-06 16:45:35",0.05,"seq_next","browser",NA,NA,NA,NA,NA
"course-v1:MITxPRO+AMxB+1T2018","A1096537","9b9fc7fd30954d7d9ad7d8f8e1cc11d8","problem+block","2018-06-06 16:45:38",0,"problem_graded","browser",NA,NA,NA,NA,NA
"course-v1:MITxPRO+AMxB+1T2018","A1096537","9b9fc7fd30954d7d9ad7d8f8e1cc11d8","problem+block","2018-06-06 16:45:38",0.05,"problem_check","server","block-v1:MITxPRO+AMxB+1T2018+type@problem+block@9b9fc7fd30954d7d9ad7d8f8e1cc11d8",1,1,1,"correct"
"course-v1:MITxPRO+AMxB+1T2018","A1096537","27bf430c96cb4d8da7368c4697de187b","html+block","2018-06-06 16:45:41",0,"edx.ui.lms.sequence.next_selected","browser",NA,NA,NA,NA,NA
"course-v1:MITxPRO+AMxB+1T2018","A1096537","04d85100616943f8a3d2b084f403ba5f","html+block","2018-06-06 16:45:41",0.0166666666666667,"mod_access","server",NA,NA,NA,NA,NA
"course-v1:MITxPRO+AMxB+1T2018","A1096537","04d85100616943f8a3d2b084f403ba5f","html+block","2018-06-06 16:45:46",0.0333333333333333,"edx.ui.lms.link_clicked","browser",NA,NA,NA,NA,NA
"course-v1:MITxPRO+AMxB+1T2018","A1096537","fee22a2f9dfa4fc5abd8a82aa14880ab","html+block","2018-06-06 16:46:17",0.0166666666666667,"edx.ui.lms.link_clicked","browser",NA,NA,NA,NA,NA
"course-v1:MITxPRO+AMxB+1T2018","A1096537","fee22a2f9dfa4fc5abd8a82aa14880ab","html+block","2018-06-06 16:46:18",0.0666666666666667,"mod_access","server",NA,NA,NA,NA,NA
"course-v1:MITxPRO+AMxB+1T2018","A1096537","732015d5737b41688cdcc6fb6fffae7c","video+block","2018-06-06 16:46:22",0.133333333333333,"mod_access","server",NA,NA,NA,NA,NA
"course-v1:MITxPRO+AMxB+1T2018","A1096537","fee22a2f9dfa4fc5abd8a82aa14880ab","html+block","2018-06-06 16:46:30",0,"edx.ui.lms.sequence.next_selected","browser",NA,NA,NA,NA,NA
"course-v1:MITxPRO+AMxB+1T2018","A1096537","578c2b6ddddd4e34af9d122be164f33c","html+block","2018-06-06 16:46:30",0.0333333333333333,"mod_access","server",NA,NA,NA,NA,NA
"course-v1:MITxPRO+AMxB+1T2018","A1096537","eb4aca32cc664e2ab3c8ff92ac0bf578","video+block","2018-06-06 16:46:34",0.266666666666667,"mod_access","server",NA,NA,NA,NA,NA
"course-v1:MITxPRO+AMxB+1T2018","A1096537","d1676d2cecee4010a1bfe838e2e963e0","html+block","2018-06-06 16:46:50",0,"mod_access","server",NA,NA,NA,NA,NA
"course-v1:MITxPRO+AMxB+1T2018","A1096537","578c2b6ddddd4e34af9d122be164f33c","html+block","2018-06-06 16:46:50",0.0666666666666667,"edx.ui.lms.sequence.next_selected","browser",NA,NA,NA,NA,NA
"course-v1:MITxPRO+AMxB+1T2018","A1096537","284121c6292646548b8d11d26466f6b1","video+block","2018-06-06 16:46:56",5.03333333333333,"mod_access","server",NA,NA,NA,NA,NA
"course-v1:MITxPRO+AMxB+1T2018","A1096537","d1676d2cecee4010a1bfe838e2e963e0","html+block","2018-06-06 16:51:58",0.133333333333333,"seq_next","browser",NA,NA,NA,NA,NA
"course-v1:MITxPRO+AMxB+1T2018","A1096537","df2d2a812d1c48c1a5df73929df11cae","html+block","2018-06-06 16:52:06",0.266666666666667,"seq_next","browser",NA,NA,NA,NA,NA
"course-v1:MITxPRO+AMxB+1T2018","A1096537","0da137981c784fff80a5768bc626dca7","html+block","2018-06-06 16:53:18",0.0166666666666667,"edx.ui.lms.link_clicked","browser",NA,NA,NA,NA,NA
"course-v1:MITxPRO+AMxB+1T2018","A1096537","ca8aac0be163430e8baaad776c32ddd2","html+block","2018-06-06 16:53:19",0.05,"mod_access","server",NA,NA,NA,NA,NA
"course-v1:MITxPRO+AMxB+1T2018","A1096537","abdacc6701224360a3f86b8be3f366bf","video+block","2018-06-06 16:53:22",0,"mod_access","server",NA,NA,NA,NA,NA
"course-v1:MITxPRO+AMxB+1T2018","A1096537","e588e625f78049a5aed0c685e1fc9500","video+block","2018-06-06 16:53:22",1.73333333333333,"mod_access","server",NA,NA,NA,NA,NA
"course-v1:MITxPRO+AMxB+1T2018","A1096537","abdacc6701224360a3f86b8be3f366bf","video+block","2018-06-06 16:55:06",0.366666666666667,"play_video","browser",NA,NA,NA,NA,NA
"course-v1:MITxPRO+AMxB+1T2018","A1096537","fee22a2f9dfa4fc5abd8a82aa14880ab","html+block","2018-06-06 17:36:40",0.0166666666666667,"edx.ui.lms.link_clicked","browser",NA,NA,NA,NA,NA
"course-v1:MITxPRO+AMxB+1T2018","A1096537","fee22a2f9dfa4fc5abd8a82aa14880ab","html+block","2018-06-06 17:36:41",0.05,"mod_access","server",NA,NA,NA,NA,NA
"course-v1:MITxPRO+AMxB+1T2018","A1096537","732015d5737b41688cdcc6fb6fffae7c","video+block","2018-06-06 17:36:44",0.383333333333333,"mod_access","server",NA,NA,NA,NA,NA
"course-v1:MITxPRO+AMxB+1T2018","A1096537","fee22a2f9dfa4fc5abd8a82aa14880ab","html+block","2018-06-06 17:37:07",0,"edx.ui.lms.sequence.next_selected","browser",NA,NA,NA,NA,NA
"course-v1:MITxPRO+AMxB+1T2018","A1096537","578c2b6ddddd4e34af9d122be164f33c","html+block","2018-06-06 17:37:07",0.0333333333333333,"mod_access","server",NA,NA,NA,NA,NA
"course-v1:MITxPRO+AMxB+1T2018","A1096537","eb4aca32cc664e2ab3c8ff92ac0bf578","video+block","2018-06-06 17:37:11",0.0666666666666667,"mod_access","server",NA,NA,NA,NA,NA
"course-v1:MITxPRO+AMxB+1T2018","A1096537","578c2b6ddddd4e34af9d122be164f33c","html+block","2018-06-06 17:37:15",0,"edx.ui.lms.sequence.next_selected","browser",NA,NA,NA,NA,NA
"course-v1:MITxPRO+AMxB+1T2018","A1096537","d1676d2cecee4010a1bfe838e2e963e0","html+block","2018-06-06 17:37:15",0.0333333333333333,"mod_access","server",NA,NA,NA,NA,NA
"course-v1:MITxPRO+AMxB+1T2018","A1096537","284121c6292646548b8d11d26466f6b1","video+block","2018-06-06 17:37:18",0.133333333333333,"mod_access","server",NA,NA,NA,NA,NA
"course-v1:MITxPRO+AMxB+1T2018","A1096537","d1676d2cecee4010a1bfe838e2e963e0","html+block","2018-06-06 17:37:26",0.283333333333333,"seq_next","browser",NA,NA,NA,NA,NA
"course-v1:MITxPRO+AMxB+1T2018","A1096537","d1676d2cecee4010a1bfe838e2e963e0","html+block","2018-06-06 19:19:15",0.0166666666666667,"edx.ui.lms.link_clicked","browser",NA,NA,NA,NA,NA
"course-v1:MITxPRO+AMxB+1T2018","A1096537","d1676d2cecee4010a1bfe838e2e963e0","html+block","2018-06-06 19:19:16",0.0333333333333333,"mod_access","server",NA,NA,NA,NA,NA
"course-v1:MITxPRO+AMxB+1T2018","A1096537","284121c6292646548b8d11d26466f6b1","video+block","2018-06-06 19:19:18",0.1,"mod_access","server",NA,NA,NA,NA,NA
"course-v1:MITxPRO+AMxB+1T2018","A1096537","d1676d2cecee4010a1bfe838e2e963e0","html+block","2018-06-06 19:19:24",0.0833333333333333,"seq_next","browser",NA,NA,NA,NA,NA
"course-v1:MITxPRO+AMxB+1T2018","A1096537","df2d2a812d1c48c1a5df73929df11cae","html+block","2018-06-06 19:19:29",0.266666666666667,"seq_next","browser",NA,NA,NA,NA,NA
"course-v1:MITxPRO+AMxB+1T2018","A1096537","d1676d2cecee4010a1bfe838e2e963e0","html+block","2018-06-06 19:19:45",0,"edx.ui.lms.sequence.next_selected","browser",NA,NA,NA,NA,NA
"course-v1:MITxPRO+AMxB+1T2018","A1096537","2aed08cdf76c457d88c9e15470bd6585","html+block","2018-06-06 19:19:45",0.0166666666666667,"mod_access","server",NA,NA,NA,NA,NA
"course-v1:MITxPRO+AMxB+1T2018","A1096537","2aed08cdf76c457d88c9e15470bd6585","html+block","2018-06-06 19:19:54",0,"seq_next","browser",NA,NA,NA,NA,NA
"course-v1:MITxPRO+AMxB+1T2018","A1096537","ad4973be70874ac29ab940d3daf0b901","video+block","2018-06-06 19:19:54",0.166666666666667,"mod_access","server",NA,NA,NA,NA,NA
"course-v1:MITxPRO+AMxB+1T2018","A1096537","30d4df2662fd487f82332252c61625f0","html+block","2018-06-06 19:20:04",0,"mod_access","server",NA,NA,NA,NA,NA
"course-v1:MITxPRO+AMxB+1T2018","A1096537","2aed08cdf76c457d88c9e15470bd6585","html+block","2018-06-06 19:20:04",0.0166666666666667,"edx.ui.lms.sequence.next_selected","browser",NA,NA,NA,NA,NA
"course-v1:MITxPRO+AMxB+1T2018","A1096537","30d4df2662fd487f82332252c61625f0","html+block","2018-06-06 19:20:10",0.1,"seq_next","browser",NA,NA,NA,NA,NA
"course-v1:MITxPRO+AMxB+1T2018","A1096537","30d4df2662fd487f82332252c61625f0","html+block","2018-06-06 19:20:16",0,"edx.ui.lms.link_clicked","browser",NA,NA,NA,NA,NA
"course-v1:MITxPRO+AMxB+1T2018","A1096537","1c264c5f7377466b9165af2037ec7924","html+block","2018-06-06 19:21:01",0,"edx.ui.lms.link_clicked","browser",NA,NA,NA,NA,NA
"course-v1:MITxPRO+AMxB+1T2018","A1096537","1c264c5f7377466b9165af2037ec7924","html+block","2018-06-06 19:21:01",0.0333333333333333,"mod_access","server",NA,NA,NA,NA,NA
"course-v1:MITxPRO+AMxB+1T2018","A1096537","a122be78c0d543548d7ba0efee3b9203","openassessment+block","2018-06-06 19:21:03",0,"mod_access","server",NA,NA,NA,NA,NA
"course-v1:MITxPRO+AMxB+1T2018","A1096537","a122be78c0d543548d7ba0efee3b9203","openassessment+block","2018-06-06 19:21:03",0.0166666666666667,"mod_access","server",NA,NA,NA,NA,NA
"course-v1:MITxPRO+AMxB+1T2018","A1096537","a122be78c0d543548d7ba0efee3b9203","openassessment+block","2018-06-06 19:21:04",0,"mod_access","server",NA,NA,NA,NA,NA
"course-v1:MITxPRO+AMxB+1T2018","A1096537","a122be78c0d543548d7ba0efee3b9203","openassessment+block","2018-06-06 19:21:04",0,"mod_access","server",NA,NA,NA,NA,NA
"course-v1:MITxPRO+AMxB+1T2018","A1096537","a122be78c0d543548d7ba0efee3b9203","openassessment+block","2018-06-06 19:21:04",0,"mod_access","server",NA,NA,NA,NA,NA
"course-v1:MITxPRO+AMxB+1T2018","A1096537","a122be78c0d543548d7ba0efee3b9203","openassessment+block","2018-06-06 19:21:04",0,"mod_access","server",NA,NA,NA,NA,NA
"course-v1:MITxPRO+AMxB+1T2018","A1096537","a122be78c0d543548d7ba0efee3b9203","openassessment+block","2018-06-06 19:21:04",0,"mod_access","server",NA,NA,NA,NA,NA
"course-v1:MITxPRO+AMxB+1T2018","A1096537","a122be78c0d543548d7ba0efee3b9203","openassessment+block","2018-06-06 19:21:04",0.15,"mod_access","server",NA,NA,NA,NA,NA
"course-v1:MITxPRO+AMxB+1T2018","A1096537","66e3bd0917b64e4e96809be332b6d1a2","html+block","2018-06-06 19:21:13",0,"mod_access","server",NA,NA,NA,NA,NA
"course-v1:MITxPRO+AMxB+1T2018","A1096537","1c264c5f7377466b9165af2037ec7924","html+block","2018-06-06 19:21:13",0.0333333333333333,"edx.ui.lms.sequence.next_selected","browser",NA,NA,NA,NA,NA
"course-v1:MITxPRO+AMxB+1T2018","A1096537","504d2512a7124c439fd2861dbf720058","openassessment+block","2018-06-06 19:21:17",0,"mod_access","server",NA,NA,NA,NA,NA
"course-v1:MITxPRO+AMxB+1T2018","A1096537","504d2512a7124c439fd2861dbf720058","openassessment+block","2018-06-06 19:21:17",0,"mod_access","server",NA,NA,NA,NA,NA
"course-v1:MITxPRO+AMxB+1T2018","A1096537","504d2512a7124c439fd2861dbf720058","openassessment+block","2018-06-06 19:21:17",0,"mod_access","server",NA,NA,NA,NA,NA
"course-v1:MITxPRO+AMxB+1T2018","A1096537","504d2512a7124c439fd2861dbf720058","openassessment+block","2018-06-06 19:21:17",0,"mod_access","server",NA,NA,NA,NA,NA
"course-v1:MITxPRO+AMxB+1T2018","A1096537","504d2512a7124c439fd2861dbf720058","openassessment+block","2018-06-06 19:21:17",0,"mod_access","server",NA,NA,NA,NA,NA
"course-v1:MITxPRO+AMxB+1T2018","A1096537","504d2512a7124c439fd2861dbf720058","openassessment+block","2018-06-06 19:21:17",0,"mod_access","server",NA,NA,NA,NA,NA
"course-v1:MITxPRO+AMxB+1T2018","A1096537","504d2512a7124c439fd2861dbf720058","openassessment+block","2018-06-06 19:21:17",0,"mod_access","server",NA,NA,NA,NA,NA
"course-v1:MITxPRO+AMxB+1T2018","A1096537","504d2512a7124c439fd2861dbf720058","openassessment+block","2018-06-06 19:21:17",0.466666666666667,"mod_access","server",NA,NA,NA,NA,NA
"course-v1:MITxPRO+AMxB+1T2018","A1096537","744dad1a12a449ebbfc22c507e1e0e1f","html+block","2018-06-06 19:21:45",0,"mod_access","server",NA,NA,NA,NA,NA
"course-v1:MITxPRO+AMxB+1T2018","A1096537","66e3bd0917b64e4e96809be332b6d1a2","html+block","2018-06-06 19:21:45",0.0166666666666667,"edx.ui.lms.sequence.next_selected","browser",NA,NA,NA,NA,NA
"course-v1:MITxPRO+AMxB+1T2018","A1096537","c3a17ced051f48f9aecf9ed2dba5040e","openassessment+block","2018-06-06 19:21:48",0,"mod_access","server",NA,NA,NA,NA,NA
"course-v1:MITxPRO+AMxB+1T2018","A1096537","c3a17ced051f48f9aecf9ed2dba5040e","openassessment+block","2018-06-06 19:21:48",0,"mod_access","server",NA,NA,NA,NA,NA
"course-v1:MITxPRO+AMxB+1T2018","A1096537","c3a17ced051f48f9aecf9ed2dba5040e","openassessment+block","2018-06-06 19:21:48",0,"mod_access","server",NA,NA,NA,NA,NA
"course-v1:MITxPRO+AMxB+1T2018","A1096537","c3a17ced051f48f9aecf9ed2dba5040e","openassessment+block","2018-06-06 19:21:48",0,"mod_access","server",NA,NA,NA,NA,NA
"course-v1:MITxPRO+AMxB+1T2018","A1096537","c3a17ced051f48f9aecf9ed2dba5040e","openassessment+block","2018-06-06 19:21:48",0,"mod_access","server",NA,NA,NA,NA,NA
"course-v1:MITxPRO+AMxB+1T2018","A1096537","c3a17ced051f48f9aecf9ed2dba5040e","openassessment+block","2018-06-06 19:21:48",0,"mod_access","server",NA,NA,NA,NA,NA
"course-v1:MITxPRO+AMxB+1T2018","A1096537","c3a17ced051f48f9aecf9ed2dba5040e","openassessment+block","2018-06-06 19:21:48",0,"mod_access","server",NA,NA,NA,NA,NA
"course-v1:MITxPRO+AMxB+1T2018","A1096537","c3a17ced051f48f9aecf9ed2dba5040e","openassessment+block","2018-06-06 19:21:48",0.15,"mod_access","server",NA,NA,NA,NA,NA
"course-v1:MITxPRO+AMxB+1T2018","A1096537","744dad1a12a449ebbfc22c507e1e0e1f","html+block","2018-06-06 19:22:24",0,"edx.ui.lms.link_clicked","browser",NA,NA,NA,NA,NA
"course-v1:MITxPRO+AMxB+1T2018","A1096537","744dad1a12a449ebbfc22c507e1e0e1f","html+block","2018-06-06 19:22:24",0.05,"mod_access","server",NA,NA,NA,NA,NA
"course-v1:MITxPRO+AMxB+1T2018","A1096537","c3a17ced051f48f9aecf9ed2dba5040e","openassessment+block","2018-06-06 19:22:27",0,"mod_access","server",NA,NA,NA,NA,NA
"course-v1:MITxPRO+AMxB+1T2018","A1096537","c3a17ced051f48f9aecf9ed2dba5040e","openassessment+block","2018-06-06 19:22:27",0.0166666666666667,"mod_access","server",NA,NA,NA,NA,NA
"course-v1:MITxPRO+AMxB+1T2018","A1096537","c3a17ced051f48f9aecf9ed2dba5040e","openassessment+block","2018-06-06 19:22:28",0,"mod_access","server",NA,NA,NA,NA,NA
"course-v1:MITxPRO+AMxB+1T2018","A1096537","c3a17ced051f48f9aecf9ed2dba5040e","openassessment+block","2018-06-06 19:22:28",0,"mod_access","server",NA,NA,NA,NA,NA
"course-v1:MITxPRO+AMxB+1T2018","A1096537","c3a17ced051f48f9aecf9ed2dba5040e","openassessment+block","2018-06-06 19:22:28",0,"mod_access","server",NA,NA,NA,NA,NA
"course-v1:MITxPRO+AMxB+1T2018","A1096537","c3a17ced051f48f9aecf9ed2dba5040e","openassessment+block","2018-06-06 19:22:28",0,"mod_access","server",NA,NA,NA,NA,NA
"course-v1:MITxPRO+AMxB+1T2018","A1096537","c3a17ced051f48f9aecf9ed2dba5040e","openassessment+block","2018-06-06 19:22:28",0,"mod_access","server",NA,NA,NA,NA,NA
"course-v1:MITxPRO+AMxB+1T2018","A1096537","c3a17ced051f48f9aecf9ed2dba5040e","openassessment+block","2018-06-06 19:22:28",0.133333333333333,"mod_access","server",NA,NA,NA,NA,NA
"course-v1:MITxPRO+AMxB+1T2018","A1096537","1c264c5f7377466b9165af2037ec7924","html+block","2018-06-06 19:23:00",0,"edx.ui.lms.link_clicked","browser",NA,NA,NA,NA,NA
"course-v1:MITxPRO+AMxB+1T2018","A1096537","1c264c5f7377466b9165af2037ec7924","html+block","2018-06-06 19:23:00",0.0333333333333333,"mod_access","server",NA,NA,NA,NA,NA
"course-v1:MITxPRO+AMxB+1T2018","A1096537","a122be78c0d543548d7ba0efee3b9203","openassessment+block","2018-06-06 19:23:02",0,"mod_access","server",NA,NA,NA,NA,NA
"course-v1:MITxPRO+AMxB+1T2018","A1096537","a122be78c0d543548d7ba0efee3b9203","openassessment+block","2018-06-06 19:23:02",0.0166666666666667,"mod_access","server",NA,NA,NA,NA,NA
"course-v1:MITxPRO+AMxB+1T2018","A1096537","a122be78c0d543548d7ba0efee3b9203","openassessment+block","2018-06-06 19:23:03",0,"mod_access","server",NA,NA,NA,NA,NA
"course-v1:MITxPRO+AMxB+1T2018","A1096537","a122be78c0d543548d7ba0efee3b9203","openassessment+block","2018-06-06 19:23:03",0,"mod_access","server",NA,NA,NA,NA,NA
"course-v1:MITxPRO+AMxB+1T2018","A1096537","a122be78c0d543548d7ba0efee3b9203","openassessment+block","2018-06-06 19:23:03",0,"mod_access","server",NA,NA,NA,NA,NA
"course-v1:MITxPRO+AMxB+1T2018","A1096537","a122be78c0d543548d7ba0efee3b9203","openassessment+block","2018-06-06 19:23:03",0,"mod_access","server",NA,NA,NA,NA,NA
"course-v1:MITxPRO+AMxB+1T2018","A1096537","a122be78c0d543548d7ba0efee3b9203","openassessment+block","2018-06-06 19:23:03",0,"mod_access","server",NA,NA,NA,NA,NA
"course-v1:MITxPRO+AMxB+1T2018","A1096537","a122be78c0d543548d7ba0efee3b9203","openassessment+block","2018-06-06 19:23:03",0.266666666666667,"mod_access","server",NA,NA,NA,NA,NA
"course-v1:MITxPRO+AMxB+1T2018","A1096537","1c264c5f7377466b9165af2037ec7924","html+block","2018-06-06 19:25:19",0,"edx.ui.lms.link_clicked","browser",NA,NA,NA,NA,NA
"course-v1:MITxPRO+AMxB+1T2018","A1096537","1c264c5f7377466b9165af2037ec7924","html+block","2018-06-06 19:25:19",0.0333333333333333,"mod_access","server",NA,NA,NA,NA,NA
"course-v1:MITxPRO+AMxB+1T2018","A1096537","a122be78c0d543548d7ba0efee3b9203","openassessment+block","2018-06-06 19:25:21",0,"mod_access","server",NA,NA,NA,NA,NA
"course-v1:MITxPRO+AMxB+1T2018","A1096537","a122be78c0d543548d7ba0efee3b9203","openassessment+block","2018-06-06 19:25:21",0,"mod_access","server",NA,NA,NA,NA,NA
"course-v1:MITxPRO+AMxB+1T2018","A1096537","a122be78c0d543548d7ba0efee3b9203","openassessment+block","2018-06-06 19:25:21",0,"mod_access","server",NA,NA,NA,NA,NA
"course-v1:MITxPRO+AMxB+1T2018","A1096537","a122be78c0d543548d7ba0efee3b9203","openassessment+block","2018-06-06 19:25:21",0,"mod_access","server",NA,NA,NA,NA,NA
"course-v1:MITxPRO+AMxB+1T2018","A1096537","a122be78c0d543548d7ba0efee3b9203","openassessment+block","2018-06-06 19:25:21",0,"mod_access","server",NA,NA,NA,NA,NA
"course-v1:MITxPRO+AMxB+1T2018","A1096537","a122be78c0d543548d7ba0efee3b9203","openassessment+block","2018-06-06 19:25:21",0,"mod_access","server",NA,NA,NA,NA,NA
"course-v1:MITxPRO+AMxB+1T2018","A1096537","a122be78c0d543548d7ba0efee3b9203","openassessment+block","2018-06-06 19:25:21",0,"mod_access","server",NA,NA,NA,NA,NA
"course-v1:MITxPRO+AMxB+1T2018","A1096537","a122be78c0d543548d7ba0efee3b9203","openassessment+block","2018-06-06 19:25:21",0.7,"mod_access","server",NA,NA,NA,NA,NA
"course-v1:MITxPRO+AMxB+1T2018","A1096537","1c264c5f7377466b9165af2037ec7924","html+block","2018-06-06 19:26:03",0,"edx.ui.lms.sequence.previous_selected","browser",NA,NA,NA,NA,NA
"course-v1:MITxPRO+AMxB+1T2018","A1096537","d42aec80f3c1448680ab4dc52e06d244","html+block","2018-06-06 19:26:03",0.0333333333333333,"mod_access","server",NA,NA,NA,NA,NA
"course-v1:MITxPRO+AMxB+1T2018","A1096537","ab7506a0f34f4a4fb4dd4b40dbb25465","video+block","2018-06-06 19:26:06",0.0166666666666667,"mod_access","server",NA,NA,NA,NA,NA
"course-v1:MITxPRO+AMxB+1T2018","A1096537","5ae7b68dc9744a5884c22160bc8c133c","video+block","2018-06-06 19:26:07",0.0833333333333333,"mod_access","server",NA,NA,NA,NA,NA
"course-v1:MITxPRO+AMxB+1T2018","A1096537","d42aec80f3c1448680ab4dc52e06d244","html+block","2018-06-06 19:26:12",0,"edx.ui.lms.sequence.previous_selected","browser",NA,NA,NA,NA,NA
"course-v1:MITxPRO+AMxB+1T2018","A1096537","30d4df2662fd487f82332252c61625f0","html+block","2018-06-06 19:26:12",0.05,"mod_access","server",NA,NA,NA,NA,NA
"course-v1:MITxPRO+AMxB+1T2018","A1096537","a34a3bda017e4e77a3acc638059aedc2","html+block","2018-06-06 19:26:29",0.0166666666666667,"seq_prev","browser",NA,NA,NA,NA,NA
"course-v1:MITxPRO+AMxB+1T2018","A1096537","532b0d7d15354e319d58e8cf25fedeeb","html+block","2018-06-06 19:26:30",2.01666666666667,"seq_prev","browser",NA,NA,NA,NA,NA
"course-v1:MITxPRO+AMxB+1T2018","A1096537","770aa6c9505b452ea81c6678cce7c399","html+block","2018-06-06 19:28:31",0.15,"seq_goto","browser",NA,NA,NA,NA,NA
"course-v1:MITxPRO+AMxB+1T2018","A1096537","5d25f47bb9c74cf8a309f72faacee512","html+block","2018-06-06 19:28:40",0.05,"seq_prev","browser",NA,NA,NA,NA,NA
"course-v1:MITxPRO+AMxB+1T2018","A1096537","30d4df2662fd487f82332252c61625f0","html+block","2018-06-06 19:28:43",0.1,"seq_next","browser",NA,NA,NA,NA,NA
"course-v1:MITxPRO+AMxB+1T2018","A1096537","5d25f47bb9c74cf8a309f72faacee512","html+block","2018-06-06 19:28:49",0.316666666666667,"seq_next","browser",NA,NA,NA,NA,NA
"course-v1:MITxPRO+AMxB+1T2018","A1096537","abe4cc1d66054dddbf408d5043f2921b","html+block","2018-06-06 19:29:09",0.0333333333333333,"edx.ui.lms.link_clicked","browser",NA,NA,NA,NA,NA
"course-v1:MITxPRO+AMxB+1T2018","A1096537","d1676d2cecee4010a1bfe838e2e963e0","html+block","2018-06-06 19:30:21",0,"edx.ui.lms.link_clicked","browser",NA,NA,NA,NA,NA
"course-v1:MITxPRO+AMxB+1T2018","A1096537","d1676d2cecee4010a1bfe838e2e963e0","html+block","2018-06-06 19:30:21",0.0666666666666667,"mod_access","server",NA,NA,NA,NA,NA
"course-v1:MITxPRO+AMxB+1T2018","A1096537","284121c6292646548b8d11d26466f6b1","video+block","2018-06-06 19:30:25",0.0333333333333333,"mod_access","server",NA,NA,NA,NA,NA
"course-v1:MITxPRO+AMxB+1T2018","A1096537","d1676d2cecee4010a1bfe838e2e963e0","html+block","2018-06-06 19:30:27",0.15,"seq_next","browser",NA,NA,NA,NA,NA
"course-v1:MITxPRO+AMxB+1T2018","A1096537","df2d2a812d1c48c1a5df73929df11cae","html+block","2018-06-06 19:30:36",0.2,"seq_next","browser",NA,NA,NA,NA,NA
"course-v1:MITxPRO+AMxB+1T2018","A1096537","d1676d2cecee4010a1bfe838e2e963e0","html+block","2018-06-06 19:30:48",0,"edx.ui.lms.sequence.next_selected","browser",NA,NA,NA,NA,NA
"course-v1:MITxPRO+AMxB+1T2018","A1096537","2aed08cdf76c457d88c9e15470bd6585","html+block","2018-06-06 19:30:48",0.0166666666666667,"mod_access","server",NA,NA,NA,NA,NA
"course-v1:MITxPRO+AMxB+1T2018","A1096537","ad4973be70874ac29ab940d3daf0b901","video+block","2018-06-06 19:30:55",0,"mod_access","server",NA,NA,NA,NA,NA
"course-v1:MITxPRO+AMxB+1T2018","A1096537","2aed08cdf76c457d88c9e15470bd6585","html+block","2018-06-06 19:30:55",0.15,"seq_next","browser",NA,NA,NA,NA,NA
"course-v1:MITxPRO+AMxB+1T2018","A1096537","abe4cc1d66054dddbf408d5043f2921b","html+block","2018-06-06 19:31:04",0,"edx.ui.lms.link_clicked","browser",NA,NA,NA,NA,NA
"course-v1:MITxPRO+AMxB+1T2018","A1096537","abe4cc1d66054dddbf408d5043f2921b","html+block","2018-06-06 19:31:18",0,"mod_access","server",NA,NA,NA,NA,NA
"course-v1:MITxPRO+AMxB+1T2018","A1096537","abe4cc1d66054dddbf408d5043f2921b","html+block","2018-06-06 19:31:18",0.05,"edx.ui.lms.link_clicked","browser",NA,NA,NA,NA,NA
"course-v1:MITxPRO+AMxB+1T2018","A1096537","6342707e62ff45b2a187ed067cb646a3","video+block","2018-06-06 19:31:21",0.0666666666666667,"mod_access","server",NA,NA,NA,NA,NA
"course-v1:MITxPRO+AMxB+1T2018","A1096537","abe4cc1d66054dddbf408d5043f2921b","html+block","2018-06-06 19:31:25",0,"edx.ui.lms.sequence.next_selected","browser",NA,NA,NA,NA,NA
"course-v1:MITxPRO+AMxB+1T2018","A1096537","fee22a2f9dfa4fc5abd8a82aa14880ab","html+block","2018-06-06 19:31:25",0.0333333333333333,"mod_access","server",NA,NA,NA,NA,NA
"course-v1:MITxPRO+AMxB+1T2018","A1096537","732015d5737b41688cdcc6fb6fffae7c","video+block","2018-06-06 19:31:29",0.1,"mod_access","server",NA,NA,NA,NA,NA
"course-v1:MITxPRO+AMxB+1T2018","A1096537","578c2b6ddddd4e34af9d122be164f33c","html+block","2018-06-06 19:31:35",0,"mod_access","server",NA,NA,NA,NA,NA
"course-v1:MITxPRO+AMxB+1T2018","A1096537","fee22a2f9dfa4fc5abd8a82aa14880ab","html+block","2018-06-06 19:31:35",0.05,"edx.ui.lms.sequence.next_selected","browser",NA,NA,NA,NA,NA
"course-v1:MITxPRO+AMxB+1T2018","A1096537","eb4aca32cc664e2ab3c8ff92ac0bf578","video+block","2018-06-06 19:31:39",0.166666666666667,"mod_access","server",NA,NA,NA,NA,NA
"course-v1:MITxPRO+AMxB+1T2018","A1096537","578c2b6ddddd4e34af9d122be164f33c","html+block","2018-06-06 19:31:49",0,"edx.ui.lms.sequence.next_selected","browser",NA,NA,NA,NA,NA
"course-v1:MITxPRO+AMxB+1T2018","A1096537","d1676d2cecee4010a1bfe838e2e963e0","html+block","2018-06-06 19:31:49",0.0333333333333333,"mod_access","server",NA,NA,NA,NA,NA
"course-v1:MITxPRO+AMxB+1T2018","A1096537","284121c6292646548b8d11d26466f6b1","video+block","2018-06-06 19:31:52",0.05,"mod_access","server",NA,NA,NA,NA,NA
"course-v1:MITxPRO+AMxB+1T2018","A1096537","d1676d2cecee4010a1bfe838e2e963e0","html+block","2018-06-06 19:31:55",0.616666666666667,"seq_next","browser",NA,NA,NA,NA,NA
"course-v1:MITxPRO+AMxB+1T2018","A1096537","df2d2a812d1c48c1a5df73929df11cae","html+block","2018-06-06 19:32:32",0.116666666666667,"seq_next","browser",NA,NA,NA,NA,NA
"course-v1:MITxPRO+AMxB+1T2018","A1096537","d1676d2cecee4010a1bfe838e2e963e0","html+block","2018-06-06 19:32:39",0,"edx.ui.lms.sequence.next_selected","browser",NA,NA,NA,NA,NA
"course-v1:MITxPRO+AMxB+1T2018","A1096537","2aed08cdf76c457d88c9e15470bd6585","html+block","2018-06-06 19:32:39",0.0333333333333333,"mod_access","server",NA,NA,NA,NA,NA
"course-v1:MITxPRO+AMxB+1T2018","A1096537","2aed08cdf76c457d88c9e15470bd6585","html+block","2018-06-06 19:32:45",0,"seq_next","browser",NA,NA,NA,NA,NA
"course-v1:MITxPRO+AMxB+1T2018","A1096537","ad4973be70874ac29ab940d3daf0b901","video+block","2018-06-06 19:32:45",0.05,"mod_access","server",NA,NA,NA,NA,NA
"course-v1:MITxPRO+AMxB+1T2018","A1096537","2aed08cdf76c457d88c9e15470bd6585","html+block","2018-06-06 19:32:48",0,"edx.ui.lms.sequence.next_selected","browser",NA,NA,NA,NA,NA
"course-v1:MITxPRO+AMxB+1T2018","A1096537","30d4df2662fd487f82332252c61625f0","html+block","2018-06-06 19:32:48",0.0333333333333333,"mod_access","server",NA,NA,NA,NA,NA
"course-v1:MITxPRO+AMxB+1T2018","A1096537","d1676d2cecee4010a1bfe838e2e963e0","html+block","2018-06-06 19:34:36",0,"mod_access","server",NA,NA,NA,NA,NA
"course-v1:MITxPRO+AMxB+1T2018","A1096537","d1676d2cecee4010a1bfe838e2e963e0","html+block","2018-06-06 19:34:36",0.05,"edx.ui.lms.link_clicked","browser",NA,NA,NA,NA,NA
"course-v1:MITxPRO+AMxB+1T2018","A1096537","284121c6292646548b8d11d26466f6b1","video+block","2018-06-06 19:34:39",0.133333333333333,"mod_access","server",NA,NA,NA,NA,NA
"course-v1:MITxPRO+AMxB+1T2018","A1096537","d1676d2cecee4010a1bfe838e2e963e0","html+block","2018-06-06 19:34:47",0.05,"seq_next","browser",NA,NA,NA,NA,NA
"course-v1:MITxPRO+AMxB+1T2018","A1096537","df2d2a812d1c48c1a5df73929df11cae","html+block","2018-06-06 19:34:50",0.05,"seq_goto","browser",NA,NA,NA,NA,NA
"course-v1:MITxPRO+AMxB+1T2018","A1096537","915635f353604d5b93702e095abc84c5","html+block","2018-06-06 19:34:53",0.116666666666667,"seq_prev","browser",NA,NA,NA,NA,NA
"course-v1:MITxPRO+AMxB+1T2018","A1096537","df2d2a812d1c48c1a5df73929df11cae","html+block","2018-06-06 19:35:00",0,"seq_prev","browser",NA,NA,NA,NA,NA
"course-v1:MITxPRO+AMxB+1T2018","A1096537","284121c6292646548b8d11d26466f6b1","video+block","2018-06-06 19:35:00",0.0833333333333333,"mod_access","server",NA,NA,NA,NA,NA
"course-v1:MITxPRO+AMxB+1T2018","A1096537","578c2b6ddddd4e34af9d122be164f33c","html+block","2018-06-06 19:35:05",0,"mod_access","server",NA,NA,NA,NA,NA
"course-v1:MITxPRO+AMxB+1T2018","A1096537","d1676d2cecee4010a1bfe838e2e963e0","html+block","2018-06-06 19:35:05",0.0166666666666667,"edx.ui.lms.sequence.previous_selected","browser",NA,NA,NA,NA,NA
"course-v1:MITxPRO+AMxB+1T2018","A1096537","eb4aca32cc664e2ab3c8ff92ac0bf578","video+block","2018-06-06 19:35:07",0.1,"mod_access","server",NA,NA,NA,NA,NA
"course-v1:MITxPRO+AMxB+1T2018","A1096537","578c2b6ddddd4e34af9d122be164f33c","html+block","2018-06-06 19:35:13",0,"edx.ui.lms.sequence.next_selected","browser",NA,NA,NA,NA,NA
"course-v1:MITxPRO+AMxB+1T2018","A1096537","d1676d2cecee4010a1bfe838e2e963e0","html+block","2018-06-06 19:35:13",0.0333333333333333,"mod_access","server",NA,NA,NA,NA,NA
"course-v1:MITxPRO+AMxB+1T2018","A1096537","284121c6292646548b8d11d26466f6b1","video+block","2018-06-06 19:35:16",0.133333333333333,"mod_access","server",NA,NA,NA,NA,NA
"course-v1:MITxPRO+AMxB+1T2018","A1096537","2bbb47defdd44b6e95be6aff50d550d1","html+block","2018-06-06 19:36:01",0,"edx.ui.lms.link_clicked","browser",NA,NA,NA,NA,NA
"course-v1:MITxPRO+AMxB+1T2018","A1096537","2bbb47defdd44b6e95be6aff50d550d1","html+block","2018-06-06 19:36:01",0.05,"mod_access","server",NA,NA,NA,NA,NA
"course-v1:MITxPRO+AMxB+1T2018","A1096537","98170a572e6644028150554eb5722cb4","openassessment+block","2018-06-06 19:36:04",0,"mod_access","server",NA,NA,NA,NA,NA
"course-v1:MITxPRO+AMxB+1T2018","A1096537","98170a572e6644028150554eb5722cb4","openassessment+block","2018-06-06 19:36:04",0,"mod_access","server",NA,NA,NA,NA,NA
"course-v1:MITxPRO+AMxB+1T2018","A1096537","98170a572e6644028150554eb5722cb4","openassessment+block","2018-06-06 19:36:04",0,"mod_access","server",NA,NA,NA,NA,NA
"course-v1:MITxPRO+AMxB+1T2018","A1096537","98170a572e6644028150554eb5722cb4","openassessment+block","2018-06-06 19:36:04",0,"mod_access","server",NA,NA,NA,NA,NA
"course-v1:MITxPRO+AMxB+1T2018","A1096537","98170a572e6644028150554eb5722cb4","openassessment+block","2018-06-06 19:36:04",0,"mod_access","server",NA,NA,NA,NA,NA
"course-v1:MITxPRO+AMxB+1T2018","A1096537","98170a572e6644028150554eb5722cb4","openassessment+block","2018-06-06 19:36:04",0,"mod_access","server",NA,NA,NA,NA,NA
"course-v1:MITxPRO+AMxB+1T2018","A1096537","98170a572e6644028150554eb5722cb4","openassessment+block","2018-06-06 19:36:04",0,"mod_access","server",NA,NA,NA,NA,NA
"course-v1:MITxPRO+AMxB+1T2018","A1096537","98170a572e6644028150554eb5722cb4","openassessment+block","2018-06-06 19:36:04",0.0166666666666667,"mod_access","server",NA,NA,NA,NA,NA
"course-v1:MITxPRO+AMxB+1T2018","A1096537","c7a736e53c6341f684a77474fbbbe64f","video+block","2018-06-06 19:36:05",0.133333333333333,"mod_access","server",NA,NA,NA,NA,NA
"course-v1:MITxPRO+AMxB+1T2018","A1096537","2bbb47defdd44b6e95be6aff50d550d1","html+block","2018-06-06 19:36:13",0,"edx.ui.lms.sequence.next_selected","browser",NA,NA,NA,NA,NA
"course-v1:MITxPRO+AMxB+1T2018","A1096537","d8a02e7515a74c9998f997f6df75771d","html+block","2018-06-06 19:36:13",0.0333333333333333,"mod_access","server",NA,NA,NA,NA,NA
"course-v1:MITxPRO+AMxB+1T2018","A1096537","71c4fd1a1eab4d00b0d4ae1bb725ef5a","video+block","2018-06-06 19:36:17",0.05,"mod_access","server",NA,NA,NA,NA,NA
"course-v1:MITxPRO+AMxB+1T2018","A1096537","d8a02e7515a74c9998f997f6df75771d","html+block","2018-06-06 19:36:20",0.0333333333333333,"seq_next","browser",NA,NA,NA,NA,NA
"course-v1:MITxPRO+AMxB+1T2018","A1096537","1c671d329ded428288dd93458a0a2667","html+block","2018-06-06 19:36:22",0.15,"seq_next","browser",NA,NA,NA,NA,NA
"course-v1:MITxPRO+AMxB+1T2018","A1096537","d8a02e7515a74c9998f997f6df75771d","html+block","2018-06-06 19:36:31",0,"edx.ui.lms.sequence.next_selected","browser",NA,NA,NA,NA,NA
"course-v1:MITxPRO+AMxB+1T2018","A1096537","f06cfae5902b4db099f1844f9dcad801","html+block","2018-06-06 19:36:31",0.0333333333333333,"mod_access","server",NA,NA,NA,NA,NA
"course-v1:MITxPRO+AMxB+1T2018","A1096537","98032f7703934ecc960828e8931290bd","video+block","2018-06-06 19:36:36",0,"mod_access","server",NA,NA,NA,NA,NA
"course-v1:MITxPRO+AMxB+1T2018","A1096537","d07f5cabb83841ebb911eb33d653a517","video+block","2018-06-06 19:36:36",0.05,"mod_access","server",NA,NA,NA,NA,NA
"course-v1:MITxPRO+AMxB+1T2018","A1096537","05800c2e685141ecb48fe59b499d84b6","html+block","2018-06-06 19:36:39",0,"mod_access","server",NA,NA,NA,NA,NA
"course-v1:MITxPRO+AMxB+1T2018","A1096537","f06cfae5902b4db099f1844f9dcad801","html+block","2018-06-06 19:36:39",0.0333333333333333,"edx.ui.lms.sequence.next_selected","browser",NA,NA,NA,NA,NA
"course-v1:MITxPRO+AMxB+1T2018","A1096537","05800c2e685141ecb48fe59b499d84b6","html+block","2018-06-06 19:37:12",4.03333333333333,"seq_next","browser",NA,NA,NA,NA,NA
"course-v1:MITxPRO+AMxB+1T2018","A1096537","f151b1920ab84738857f2e5a6ccdff85","html+block","2018-06-06 19:41:14",0.433333333333333,"seq_next","browser",NA,NA,NA,NA,NA
"course-v1:MITxPRO+AMxB+1T2018","A1096537","93168ca1ec6a4944b57d75ac98797c0b","html+block","2018-06-06 19:41:40",0,"seq_next","browser",NA,NA,NA,NA,NA
"course-v1:MITxPRO+AMxB+1T2018","A1096537","5982f524a99e420f8aeee7d90187dd55","video+block","2018-06-06 19:41:40",1.91666666666667,"mod_access","server",NA,NA,NA,NA,NA
"course-v1:MITxPRO+AMxB+1T2018","A1096537","cee509fdc136413c8c3e182d487c2b86","html+block","2018-06-06 19:43:35",0,"mod_access","server",NA,NA,NA,NA,NA
"course-v1:MITxPRO+AMxB+1T2018","A1096537","05800c2e685141ecb48fe59b499d84b6","html+block","2018-06-06 19:43:35",0.0333333333333333,"edx.ui.lms.sequence.next_selected","browser",NA,NA,NA,NA,NA
"course-v1:MITxPRO+AMxB+1T2018","A1096537","cee509fdc136413c8c3e182d487c2b86","html+block","2018-06-06 19:43:46",0,"seq_next","browser",NA,NA,NA,NA,NA
"course-v1:MITxPRO+AMxB+1T2018","A1096537","65596489f9b542e490757e53a60af97c","video+block","2018-06-06 19:43:46",0.283333333333333,"mod_access","server",NA,NA,NA,NA,NA
"course-v1:MITxPRO+AMxB+1T2018","A1096537","cee509fdc136413c8c3e182d487c2b86","html+block","2018-06-06 19:44:03",0,"edx.ui.lms.sequence.next_selected","browser",NA,NA,NA,NA,NA
"course-v1:MITxPRO+AMxB+1T2018","A1096537","57b361f6d4ca424299264c668e836e47","html+block","2018-06-06 19:44:03",0.0333333333333333,"mod_access","server",NA,NA,NA,NA,NA
"course-v1:MITxPRO+AMxB+1T2018","A1096537","57b361f6d4ca424299264c668e836e47","html+block","2018-06-06 19:45:16",0.133333333333333,"seq_next","browser",NA,NA,NA,NA,NA
"course-v1:MITxPRO+AMxB+1T2018","A1096537","7afbe0f3ab05461ab5a3765ad3631052","html+block","2018-06-06 19:45:24",19.1833333333333,"seq_next","browser",NA,NA,NA,NA,NA
"course-v1:MITxPRO+AMxB+1T2018","A1096537","57b361f6d4ca424299264c668e836e47","html+block","2018-06-19 21:13:34",0.983333333333333,"mod_access","server",NA,NA,NA,NA,NA
