"course_id","user_id","mod_hex_id","module_type","time","period","event_type","event_source","problem_id","attempts","grade","max_grade","success"
"course-v1:MITxPRO+AMxB+1T2018","A1128973","2ad839c226ab44539d98e2a1e84e439f","html+block","2018-05-23 05:43:43",0,"mod_access","server",NA,NA,NA,NA,NA
"course-v1:MITxPRO+AMxB+1T2018","A1128973","2ad839c226ab44539d98e2a1e84e439f","html+block","2018-05-23 05:43:43",0.0666666666666667,"edx.ui.lms.link_clicked","browser",NA,NA,NA,NA,NA
"course-v1:MITxPRO+AMxB+1T2018","A1128973","27bf430c96cb4d8da7368c4697de187b","html+block","2018-05-23 05:43:47",0,"mod_access","server",NA,NA,NA,NA,NA
"course-v1:MITxPRO+AMxB+1T2018","A1128973","27bf430c96cb4d8da7368c4697de187b","html+block","2018-05-23 05:43:47",0.0166666666666667,"edx.ui.lms.link_clicked","browser",NA,NA,NA,NA,NA
"course-v1:MITxPRO+AMxB+1T2018","A1128973","27bf430c96cb4d8da7368c4697de187b","html+block","2018-05-23 05:47:45",0.0666666666666667,"seq_next","browser",NA,NA,NA,NA,NA
"course-v1:MITxPRO+AMxB+1T2018","A1128973","9b9fc7fd30954d7d9ad7d8f8e1cc11d8","problem+block","2018-05-23 05:47:49",0,"problem_check","server","block-v1:MITxPRO+AMxB+1T2018+type@problem+block@9b9fc7fd30954d7d9ad7d8f8e1cc11d8",1,1,1,"correct"
"course-v1:MITxPRO+AMxB+1T2018","A1128973","9b9fc7fd30954d7d9ad7d8f8e1cc11d8","problem+block","2018-05-23 05:47:49",0.0333333333333333,"problem_graded","browser",NA,NA,NA,NA,NA
"course-v1:MITxPRO+AMxB+1T2018","A1128973","04d85100616943f8a3d2b084f403ba5f","html+block","2018-05-23 05:47:51",0,"mod_access","server",NA,NA,NA,NA,NA
"course-v1:MITxPRO+AMxB+1T2018","A1128973","27bf430c96cb4d8da7368c4697de187b","html+block","2018-05-23 05:47:51",0.0333333333333333,"edx.ui.lms.sequence.next_selected","browser",NA,NA,NA,NA,NA
"course-v1:MITxPRO+AMxB+1T2018","A1128973","27bf430c96cb4d8da7368c4697de187b","html+block","2018-05-23 05:48:03",0.133333333333333,"mod_access","server",NA,NA,NA,NA,NA
"course-v1:MITxPRO+AMxB+1T2018","A1128973","04d85100616943f8a3d2b084f403ba5f","html+block","2018-05-23 05:48:11",0,"mod_access","server",NA,NA,NA,NA,NA
"course-v1:MITxPRO+AMxB+1T2018","A1128973","27bf430c96cb4d8da7368c4697de187b","html+block","2018-05-23 05:48:11",0.0166666666666667,"edx.ui.lms.sequence.next_selected","browser",NA,NA,NA,NA,NA
"course-v1:MITxPRO+AMxB+1T2018","A1128973","04d85100616943f8a3d2b084f403ba5f","html+block","2018-05-23 05:48:15",0.0166666666666667,"edx.ui.lms.sequence.next_selected","browser",NA,NA,NA,NA,NA
"course-v1:MITxPRO+AMxB+1T2018","A1128973","d538c2a9c6004cc3b62a2514ff7d24f5","html+block","2018-05-23 05:48:16",0.0166666666666667,"mod_access","server",NA,NA,NA,NA,NA
"course-v1:MITxPRO+AMxB+1T2018","A1128973","d538c2a9c6004cc3b62a2514ff7d24f5","html+block","2018-05-23 05:48:58",0,"edx.ui.lms.sequence.next_selected","browser",NA,NA,NA,NA,NA
"course-v1:MITxPRO+AMxB+1T2018","A1128973","ea676035d8d84252b7c2c117a74dfe5d","html+block","2018-05-23 05:48:58",0.0333333333333333,"mod_access","server",NA,NA,NA,NA,NA
"course-v1:MITxPRO+AMxB+1T2018","A1128973","ea676035d8d84252b7c2c117a74dfe5d","html+block","2018-05-23 05:49:09",0.0666666666666667,"seq_next","browser",NA,NA,NA,NA,NA
"course-v1:MITxPRO+AMxB+1T2018","A1128973","ea676035d8d84252b7c2c117a74dfe5d","html+block","2018-05-23 05:49:13",0.0166666666666667,"edx.ui.lms.sequence.next_selected","browser",NA,NA,NA,NA,NA
"course-v1:MITxPRO+AMxB+1T2018","A1128973","53e13f644d1f4c73ba7f5bfd8020e71f","html+block","2018-05-23 05:49:14",0.0166666666666667,"mod_access","server",NA,NA,NA,NA,NA
"course-v1:MITxPRO+AMxB+1T2018","A1128973","53e13f644d1f4c73ba7f5bfd8020e71f","html+block","2018-05-23 05:51:11",0.0166666666666667,"edx.ui.lms.sequence.next_selected","browser",NA,NA,NA,NA,NA
"course-v1:MITxPRO+AMxB+1T2018","A1128973","2f6febb9f2514c06827aa6a4bfe1e69d","html+block","2018-05-23 05:51:12",0.05,"mod_access","server",NA,NA,NA,NA,NA
"course-v1:MITxPRO+AMxB+1T2018","A1128973","2f6febb9f2514c06827aa6a4bfe1e69d","html+block","2018-05-23 05:51:22",0.0166666666666667,"seq_next","browser",NA,NA,NA,NA,NA
"course-v1:MITxPRO+AMxB+1T2018","A1128973","a67e937f9f1941a9bb6052316e2f2fc4","html+block","2018-05-23 05:51:23",0.0166666666666667,"seq_next","browser",NA,NA,NA,NA,NA
"course-v1:MITxPRO+AMxB+1T2018","A1128973","e42dc56d1f8d46ef902e3d38a93e0324","html+block","2018-05-23 05:51:24",0.0333333333333333,"seq_next","browser",NA,NA,NA,NA,NA
"course-v1:MITxPRO+AMxB+1T2018","A1128973","2e1dcff64f8741438099a3b28ba6c42d","html+block","2018-05-23 05:51:26",0.0666666666666667,"seq_prev","browser",NA,NA,NA,NA,NA
"course-v1:MITxPRO+AMxB+1T2018","A1128973","2e1dcff64f8741438099a3b28ba6c42d","html+block","2018-05-23 05:51:30",0,"seq_next","browser",NA,NA,NA,NA,NA
"course-v1:MITxPRO+AMxB+1T2018","A1128973","e42dc56d1f8d46ef902e3d38a93e0324","html+block","2018-05-23 05:51:30",0.0166666666666667,"seq_next","browser",NA,NA,NA,NA,NA
"course-v1:MITxPRO+AMxB+1T2018","A1128973","5bdb6e60ab5c477f9244243bacb6c984","html+block","2018-05-23 05:51:31",0,"mod_access","server",NA,NA,NA,NA,NA
"course-v1:MITxPRO+AMxB+1T2018","A1128973","2f6febb9f2514c06827aa6a4bfe1e69d","html+block","2018-05-23 05:51:31",0.0333333333333333,"edx.ui.lms.sequence.next_selected","browser",NA,NA,NA,NA,NA
"course-v1:MITxPRO+AMxB+1T2018","A1128973","5bdb6e60ab5c477f9244243bacb6c984","html+block","2018-05-23 05:52:15",0.0333333333333333,"seq_next","browser",NA,NA,NA,NA,NA
"course-v1:MITxPRO+AMxB+1T2018","A1128973","20c18c18d1424607bd03030afc0dabc9","html+block","2018-05-23 05:52:17",0,"mod_access","server",NA,NA,NA,NA,NA
"course-v1:MITxPRO+AMxB+1T2018","A1128973","5bdb6e60ab5c477f9244243bacb6c984","html+block","2018-05-23 05:52:17",0.0166666666666667,"edx.ui.lms.sequence.next_selected","browser",NA,NA,NA,NA,NA
"course-v1:MITxPRO+AMxB+1T2018","A1128973","20c18c18d1424607bd03030afc0dabc9","html+block","2018-05-23 05:52:24",0,"edx.ui.lms.sequence.next_selected","browser",NA,NA,NA,NA,NA
"course-v1:MITxPRO+AMxB+1T2018","A1128973","fe15037ed0db47ee8afde8f7847b94e6","html+block","2018-05-23 05:52:24",0.0166666666666667,"mod_access","server",NA,NA,NA,NA,NA
"course-v1:MITxPRO+AMxB+1T2018","A1128973","fe15037ed0db47ee8afde8f7847b94e6","html+block","2018-05-23 05:52:30",0.0333333333333333,"seq_next","browser",NA,NA,NA,NA,NA
"course-v1:MITxPRO+AMxB+1T2018","A1128973","fe15037ed0db47ee8afde8f7847b94e6","html+block","2018-05-23 05:52:32",0,"edx.ui.lms.sequence.next_selected","browser",NA,NA,NA,NA,NA
"course-v1:MITxPRO+AMxB+1T2018","A1128973","2c91f40c1d484adbbe41b43c1dd57fce","html+block","2018-05-23 05:52:32",0.0333333333333333,"mod_access","server",NA,NA,NA,NA,NA
"course-v1:MITxPRO+AMxB+1T2018","A1128973","2060d250adb14c9eb7e7957c563678f0","html+block","2018-05-23 05:52:37",0,"mod_access","server",NA,NA,NA,NA,NA
"course-v1:MITxPRO+AMxB+1T2018","A1128973","2c91f40c1d484adbbe41b43c1dd57fce","html+block","2018-05-23 05:52:37",0.0333333333333333,"edx.ui.lms.sequence.next_selected","browser",NA,NA,NA,NA,NA
"course-v1:MITxPRO+AMxB+1T2018","A1128973","2060d250adb14c9eb7e7957c563678f0","html+block","2018-05-23 05:52:57",0,"edx.ui.lms.sequence.next_selected","browser",NA,NA,NA,NA,NA
"course-v1:MITxPRO+AMxB+1T2018","A1128973","2bd1769f30ce460b8cf38f3b71207d38","html+block","2018-05-23 05:52:57",0.0166666666666667,"mod_access","server",NA,NA,NA,NA,NA
"course-v1:MITxPRO+AMxB+1T2018","A1128973","b18bcca1d2984ccca2bbab4c41e85de5","video+block","2018-05-23 05:53:00",0.0833333333333333,"mod_access","server",NA,NA,NA,NA,NA
"course-v1:MITxPRO+AMxB+1T2018","A1128973","3763b9f526ae44f2ac2ac49749c15661","html+block","2018-05-23 05:53:05",0,"mod_access","server",NA,NA,NA,NA,NA
"course-v1:MITxPRO+AMxB+1T2018","A1128973","2bd1769f30ce460b8cf38f3b71207d38","html+block","2018-05-23 05:53:05",0.15,"edx.ui.lms.sequence.next_selected","browser",NA,NA,NA,NA,NA
"course-v1:MITxPRO+AMxB+1T2018","A1128973","b10ef23438f9466882d17e3f0abd0149","video+block","2018-05-23 05:53:15",0.266666666666667,"mod_access","server",NA,NA,NA,NA,NA
"course-v1:MITxPRO+AMxB+1T2018","A1128973","2ad839c226ab44539d98e2a1e84e439f","html+block","2018-05-23 05:54:19",0.35,"mod_access","server",NA,NA,NA,NA,NA
"course-v1:MITxPRO+AMxB+1T2018","A1128973","2bbb47defdd44b6e95be6aff50d550d1","html+block","2018-05-23 05:54:40",0.0333333333333333,"mod_access","server",NA,NA,NA,NA,NA
"course-v1:MITxPRO+AMxB+1T2018","A1128973","98170a572e6644028150554eb5722cb4","openassessment+block","2018-05-23 05:54:42",0,"mod_access","server",NA,NA,NA,NA,NA
"course-v1:MITxPRO+AMxB+1T2018","A1128973","98170a572e6644028150554eb5722cb4","openassessment+block","2018-05-23 05:54:42",0,"mod_access","server",NA,NA,NA,NA,NA
"course-v1:MITxPRO+AMxB+1T2018","A1128973","98170a572e6644028150554eb5722cb4","openassessment+block","2018-05-23 05:54:42",0,"mod_access","server",NA,NA,NA,NA,NA
"course-v1:MITxPRO+AMxB+1T2018","A1128973","98170a572e6644028150554eb5722cb4","openassessment+block","2018-05-23 05:54:42",0,"mod_access","server",NA,NA,NA,NA,NA
"course-v1:MITxPRO+AMxB+1T2018","A1128973","98170a572e6644028150554eb5722cb4","openassessment+block","2018-05-23 05:54:42",0,"mod_access","server",NA,NA,NA,NA,NA
"course-v1:MITxPRO+AMxB+1T2018","A1128973","98170a572e6644028150554eb5722cb4","openassessment+block","2018-05-23 05:54:42",0,"mod_access","server",NA,NA,NA,NA,NA
"course-v1:MITxPRO+AMxB+1T2018","A1128973","98170a572e6644028150554eb5722cb4","openassessment+block","2018-05-23 05:54:42",0,"mod_access","server",NA,NA,NA,NA,NA
"course-v1:MITxPRO+AMxB+1T2018","A1128973","98170a572e6644028150554eb5722cb4","openassessment+block","2018-05-23 05:54:42",0.0333333333333333,"mod_access","server",NA,NA,NA,NA,NA
"course-v1:MITxPRO+AMxB+1T2018","A1128973","c7a736e53c6341f684a77474fbbbe64f","video+block","2018-05-23 05:54:44",0.0666666666666667,"mod_access","server",NA,NA,NA,NA,NA
"course-v1:MITxPRO+AMxB+1T2018","A1128973","19f5efdd71494972b03a02f445dc98fa","openassessment+block","2018-05-23 05:54:48",0,"mod_access","server",NA,NA,NA,NA,NA
"course-v1:MITxPRO+AMxB+1T2018","A1128973","19f5efdd71494972b03a02f445dc98fa","openassessment+block","2018-05-23 05:54:48",0,"mod_access","server",NA,NA,NA,NA,NA
"course-v1:MITxPRO+AMxB+1T2018","A1128973","19f5efdd71494972b03a02f445dc98fa","openassessment+block","2018-05-23 05:54:48",0,"mod_access","server",NA,NA,NA,NA,NA
"course-v1:MITxPRO+AMxB+1T2018","A1128973","19f5efdd71494972b03a02f445dc98fa","openassessment+block","2018-05-23 05:54:48",0,"mod_access","server",NA,NA,NA,NA,NA
"course-v1:MITxPRO+AMxB+1T2018","A1128973","19f5efdd71494972b03a02f445dc98fa","openassessment+block","2018-05-23 05:54:48",0,"mod_access","server",NA,NA,NA,NA,NA
"course-v1:MITxPRO+AMxB+1T2018","A1128973","19f5efdd71494972b03a02f445dc98fa","openassessment+block","2018-05-23 05:54:48",0,"mod_access","server",NA,NA,NA,NA,NA
"course-v1:MITxPRO+AMxB+1T2018","A1128973","19f5efdd71494972b03a02f445dc98fa","openassessment+block","2018-05-23 05:54:48",0,"mod_access","server",NA,NA,NA,NA,NA
"course-v1:MITxPRO+AMxB+1T2018","A1128973","2ad839c226ab44539d98e2a1e84e439f","html+block","2018-05-23 05:54:48",0,"seq_goto","browser",NA,NA,NA,NA,NA
"course-v1:MITxPRO+AMxB+1T2018","A1128973","19f5efdd71494972b03a02f445dc98fa","openassessment+block","2018-05-23 05:54:48",0,"mod_access","server",NA,NA,NA,NA,NA
"course-v1:MITxPRO+AMxB+1T2018","A1128973","2bbb47defdd44b6e95be6aff50d550d1","html+block","2018-05-28 02:09:53",0.0333333333333333,"mod_access","server",NA,NA,NA,NA,NA
"course-v1:MITxPRO+AMxB+1T2018","A1128973","98170a572e6644028150554eb5722cb4","openassessment+block","2018-05-28 02:09:55",0,"mod_access","server",NA,NA,NA,NA,NA
"course-v1:MITxPRO+AMxB+1T2018","A1128973","98170a572e6644028150554eb5722cb4","openassessment+block","2018-05-28 02:09:55",0,"mod_access","server",NA,NA,NA,NA,NA
"course-v1:MITxPRO+AMxB+1T2018","A1128973","98170a572e6644028150554eb5722cb4","openassessment+block","2018-05-28 02:09:55",0,"mod_access","server",NA,NA,NA,NA,NA
"course-v1:MITxPRO+AMxB+1T2018","A1128973","98170a572e6644028150554eb5722cb4","openassessment+block","2018-05-28 02:09:55",0,"mod_access","server",NA,NA,NA,NA,NA
"course-v1:MITxPRO+AMxB+1T2018","A1128973","98170a572e6644028150554eb5722cb4","openassessment+block","2018-05-28 02:09:55",0,"mod_access","server",NA,NA,NA,NA,NA
"course-v1:MITxPRO+AMxB+1T2018","A1128973","98170a572e6644028150554eb5722cb4","openassessment+block","2018-05-28 02:09:55",0,"mod_access","server",NA,NA,NA,NA,NA
"course-v1:MITxPRO+AMxB+1T2018","A1128973","98170a572e6644028150554eb5722cb4","openassessment+block","2018-05-28 02:09:55",0,"mod_access","server",NA,NA,NA,NA,NA
"course-v1:MITxPRO+AMxB+1T2018","A1128973","98170a572e6644028150554eb5722cb4","openassessment+block","2018-05-28 02:09:55",0.0166666666666667,"mod_access","server",NA,NA,NA,NA,NA
"course-v1:MITxPRO+AMxB+1T2018","A1128973","c7a736e53c6341f684a77474fbbbe64f","video+block","2018-05-28 02:09:56",0.2,"mod_access","server",NA,NA,NA,NA,NA
"course-v1:MITxPRO+AMxB+1T2018","A1128973","d8a02e7515a74c9998f997f6df75771d","html+block","2018-05-28 02:10:08",0,"mod_access","server",NA,NA,NA,NA,NA
"course-v1:MITxPRO+AMxB+1T2018","A1128973","2bbb47defdd44b6e95be6aff50d550d1","html+block","2018-05-28 02:10:08",0.0333333333333333,"edx.ui.lms.sequence.next_selected","browser",NA,NA,NA,NA,NA
"course-v1:MITxPRO+AMxB+1T2018","A1128973","71c4fd1a1eab4d00b0d4ae1bb725ef5a","video+block","2018-05-28 02:10:11",0.216666666666667,"mod_access","server",NA,NA,NA,NA,NA
"course-v1:MITxPRO+AMxB+1T2018","A1128973","d8a02e7515a74c9998f997f6df75771d","html+block","2018-05-28 02:10:24",0.0333333333333333,"seq_next","browser",NA,NA,NA,NA,NA
"course-v1:MITxPRO+AMxB+1T2018","A1128973","1c671d329ded428288dd93458a0a2667","html+block","2018-05-28 02:10:26",0.15,"seq_next","browser",NA,NA,NA,NA,NA
"course-v1:MITxPRO+AMxB+1T2018","A1128973","d8a02e7515a74c9998f997f6df75771d","html+block","2018-05-28 02:10:35",0.0166666666666667,"edx.ui.lms.sequence.next_selected","browser",NA,NA,NA,NA,NA
"course-v1:MITxPRO+AMxB+1T2018","A1128973","f06cfae5902b4db099f1844f9dcad801","html+block","2018-05-28 02:10:36",0.0166666666666667,"mod_access","server",NA,NA,NA,NA,NA
"course-v1:MITxPRO+AMxB+1T2018","A1128973","d07f5cabb83841ebb911eb33d653a517","video+block","2018-05-28 02:10:38",0,"mod_access","server",NA,NA,NA,NA,NA
"course-v1:MITxPRO+AMxB+1T2018","A1128973","98032f7703934ecc960828e8931290bd","video+block","2018-05-28 02:10:38",0.0833333333333333,"mod_access","server",NA,NA,NA,NA,NA
"course-v1:MITxPRO+AMxB+1T2018","A1128973","f06cfae5902b4db099f1844f9dcad801","html+block","2018-05-28 02:10:43",0.0166666666666667,"edx.ui.lms.sequence.next_selected","browser",NA,NA,NA,NA,NA
"course-v1:MITxPRO+AMxB+1T2018","A1128973","05800c2e685141ecb48fe59b499d84b6","html+block","2018-05-28 02:10:44",0.0166666666666667,"mod_access","server",NA,NA,NA,NA,NA
"course-v1:MITxPRO+AMxB+1T2018","A1128973","05800c2e685141ecb48fe59b499d84b6","html+block","2018-05-28 02:10:51",0.133333333333333,"seq_next","browser",NA,NA,NA,NA,NA
"course-v1:MITxPRO+AMxB+1T2018","A1128973","f151b1920ab84738857f2e5a6ccdff85","html+block","2018-05-28 02:10:59",0.133333333333333,"seq_next","browser",NA,NA,NA,NA,NA
"course-v1:MITxPRO+AMxB+1T2018","A1128973","5982f524a99e420f8aeee7d90187dd55","video+block","2018-05-28 02:11:07",0,"mod_access","server",NA,NA,NA,NA,NA
"course-v1:MITxPRO+AMxB+1T2018","A1128973","93168ca1ec6a4944b57d75ac98797c0b","html+block","2018-05-28 02:11:07",0.25,"seq_next","browser",NA,NA,NA,NA,NA
"course-v1:MITxPRO+AMxB+1T2018","A1128973","05800c2e685141ecb48fe59b499d84b6","html+block","2018-05-28 02:11:22",0.0166666666666667,"edx.ui.lms.sequence.next_selected","browser",NA,NA,NA,NA,NA
"course-v1:MITxPRO+AMxB+1T2018","A1128973","cee509fdc136413c8c3e182d487c2b86","html+block","2018-05-28 02:11:23",0.0166666666666667,"mod_access","server",NA,NA,NA,NA,NA
"course-v1:MITxPRO+AMxB+1T2018","A1128973","65596489f9b542e490757e53a60af97c","video+block","2018-05-28 02:11:29",0,"mod_access","server",NA,NA,NA,NA,NA
"course-v1:MITxPRO+AMxB+1T2018","A1128973","cee509fdc136413c8c3e182d487c2b86","html+block","2018-05-28 02:11:29",0.0166666666666667,"seq_goto","browser",NA,NA,NA,NA,NA
"course-v1:MITxPRO+AMxB+1T2018","A1128973","57b361f6d4ca424299264c668e836e47","html+block","2018-05-28 02:11:30",0,"mod_access","server",NA,NA,NA,NA,NA
"course-v1:MITxPRO+AMxB+1T2018","A1128973","cee509fdc136413c8c3e182d487c2b86","html+block","2018-05-28 02:11:30",0.05,"edx.ui.lms.sequence.next_selected","browser",NA,NA,NA,NA,NA
"course-v1:MITxPRO+AMxB+1T2018","A1128973","57b361f6d4ca424299264c668e836e47","html+block","2018-05-28 02:11:39",0.116666666666667,"seq_next","browser",NA,NA,NA,NA,NA
"course-v1:MITxPRO+AMxB+1T2018","A1128973","7afbe0f3ab05461ab5a3765ad3631052","html+block","2018-05-28 02:11:46",0.133333333333333,"seq_next","browser",NA,NA,NA,NA,NA
"course-v1:MITxPRO+AMxB+1T2018","A1128973","3a32d27772ce468e941a09b8dd76aec3","html+block","2018-05-28 02:11:54",0.0833333333333333,"seq_next","browser",NA,NA,NA,NA,NA
"course-v1:MITxPRO+AMxB+1T2018","A1128973","c3dc70e138fc4f9a8ef62602347dfd2d","html+block","2018-05-28 02:11:59",0.0833333333333333,"seq_next","browser",NA,NA,NA,NA,NA
"course-v1:MITxPRO+AMxB+1T2018","A1128973","b31aa53037a74719ba3eb845306e4374","html+block","2018-05-28 02:12:04",0,"mod_access","server",NA,NA,NA,NA,NA
"course-v1:MITxPRO+AMxB+1T2018","A1128973","57b361f6d4ca424299264c668e836e47","html+block","2018-05-28 02:12:04",0.0166666666666667,"edx.ui.lms.sequence.next_selected","browser",NA,NA,NA,NA,NA
"course-v1:MITxPRO+AMxB+1T2018","A1128973","2ffd17accc734a7b833cff39cca5c9f9","html+block","2018-05-28 02:12:39",0,"edx.ui.lms.link_clicked","browser",NA,NA,NA,NA,NA
"course-v1:MITxPRO+AMxB+1T2018","A1128973","05800c2e685141ecb48fe59b499d84b6","html+block","2018-05-28 02:12:39",0,"mod_access","server",NA,NA,NA,NA,NA
"course-v1:MITxPRO+AMxB+1T2018","A1128973","2ffd17accc734a7b833cff39cca5c9f9","html+block","2018-05-28 02:12:39",0.0666666666666667,"edx.course.home.resume_course.clicked","browser",NA,NA,NA,NA,NA
"course-v1:MITxPRO+AMxB+1T2018","A1128973","5982f524a99e420f8aeee7d90187dd55","video+block","2018-05-28 02:12:43",0.0166666666666667,"mod_access","server",NA,NA,NA,NA,NA
"course-v1:MITxPRO+AMxB+1T2018","A1128973","f06cfae5902b4db099f1844f9dcad801","html+block","2018-05-28 02:12:44",0.0666666666666667,"edx.ui.lms.link_clicked","browser",NA,NA,NA,NA,NA
"course-v1:MITxPRO+AMxB+1T2018","A1128973","0704a9032b0b4dfebc92a428247b2a14","html+block","2018-05-28 02:13:28",0,"mod_access","server",NA,NA,NA,NA,NA
"course-v1:MITxPRO+AMxB+1T2018","A1128973","0704a9032b0b4dfebc92a428247b2a14","html+block","2018-05-28 02:13:28",0.0333333333333333,"edx.ui.lms.link_clicked","browser",NA,NA,NA,NA,NA
"course-v1:MITxPRO+AMxB+1T2018","A1128973","ea1d651f18c34e6fa36ee0f68962ecb9","openassessment+block","2018-05-28 02:13:30",0,"mod_access","server",NA,NA,NA,NA,NA
"course-v1:MITxPRO+AMxB+1T2018","A1128973","ea1d651f18c34e6fa36ee0f68962ecb9","openassessment+block","2018-05-28 02:13:30",0,"mod_access","server",NA,NA,NA,NA,NA
"course-v1:MITxPRO+AMxB+1T2018","A1128973","ea1d651f18c34e6fa36ee0f68962ecb9","openassessment+block","2018-05-28 02:13:30",0.0166666666666667,"mod_access","server",NA,NA,NA,NA,NA
"course-v1:MITxPRO+AMxB+1T2018","A1128973","ea1d651f18c34e6fa36ee0f68962ecb9","openassessment+block","2018-05-28 02:13:31",0,"mod_access","server",NA,NA,NA,NA,NA
"course-v1:MITxPRO+AMxB+1T2018","A1128973","ea1d651f18c34e6fa36ee0f68962ecb9","openassessment+block","2018-05-28 02:13:31",0,"mod_access","server",NA,NA,NA,NA,NA
"course-v1:MITxPRO+AMxB+1T2018","A1128973","ea1d651f18c34e6fa36ee0f68962ecb9","openassessment+block","2018-05-28 02:13:31",0,"mod_access","server",NA,NA,NA,NA,NA
"course-v1:MITxPRO+AMxB+1T2018","A1128973","ea1d651f18c34e6fa36ee0f68962ecb9","openassessment+block","2018-05-28 02:13:31",0,"mod_access","server",NA,NA,NA,NA,NA
"course-v1:MITxPRO+AMxB+1T2018","A1128973","ea1d651f18c34e6fa36ee0f68962ecb9","openassessment+block","2018-05-28 02:13:31",0,"mod_access","server",NA,NA,NA,NA,NA
"course-v1:MITxPRO+AMxB+1T2018","A1128973","0704a9032b0b4dfebc92a428247b2a14","html+block","2018-06-06 17:57:57",0.05,"mod_access","server",NA,NA,NA,NA,NA
"course-v1:MITxPRO+AMxB+1T2018","A1128973","ea1d651f18c34e6fa36ee0f68962ecb9","openassessment+block","2018-06-06 17:58:00",0,"mod_access","server",NA,NA,NA,NA,NA
"course-v1:MITxPRO+AMxB+1T2018","A1128973","ea1d651f18c34e6fa36ee0f68962ecb9","openassessment+block","2018-06-06 17:58:00",0,"mod_access","server",NA,NA,NA,NA,NA
"course-v1:MITxPRO+AMxB+1T2018","A1128973","ea1d651f18c34e6fa36ee0f68962ecb9","openassessment+block","2018-06-06 17:58:00",0,"mod_access","server",NA,NA,NA,NA,NA
"course-v1:MITxPRO+AMxB+1T2018","A1128973","ea1d651f18c34e6fa36ee0f68962ecb9","openassessment+block","2018-06-06 17:58:00",0,"mod_access","server",NA,NA,NA,NA,NA
"course-v1:MITxPRO+AMxB+1T2018","A1128973","ea1d651f18c34e6fa36ee0f68962ecb9","openassessment+block","2018-06-06 17:58:00",0,"mod_access","server",NA,NA,NA,NA,NA
"course-v1:MITxPRO+AMxB+1T2018","A1128973","ea1d651f18c34e6fa36ee0f68962ecb9","openassessment+block","2018-06-06 17:58:00",0,"mod_access","server",NA,NA,NA,NA,NA
"course-v1:MITxPRO+AMxB+1T2018","A1128973","ea1d651f18c34e6fa36ee0f68962ecb9","openassessment+block","2018-06-06 17:58:00",0,"mod_access","server",NA,NA,NA,NA,NA
"course-v1:MITxPRO+AMxB+1T2018","A1128973","ea1d651f18c34e6fa36ee0f68962ecb9","openassessment+block","2018-06-06 17:58:00",0.316666666666667,"mod_access","server",NA,NA,NA,NA,NA
"course-v1:MITxPRO+AMxB+1T2018","A1128973","d9dd2a4989284d94b66c5a100745f102","html+block","2018-06-06 18:04:28",0.0166666666666667,"edx.ui.lms.link_clicked","browser",NA,NA,NA,NA,NA
"course-v1:MITxPRO+AMxB+1T2018","A1128973","05800c2e685141ecb48fe59b499d84b6","html+block","2018-06-06 18:12:00",0.0666666666666667,"mod_access","server",NA,NA,NA,NA,NA
"course-v1:MITxPRO+AMxB+1T2018","A1128973","5982f524a99e420f8aeee7d90187dd55","video+block","2018-06-06 18:12:04",0.45,"mod_access","server",NA,NA,NA,NA,NA
"course-v1:MITxPRO+AMxB+1T2018","A1128973","5bdb6e60ab5c477f9244243bacb6c984","html+block","2018-06-06 18:12:31",0.166666666666667,"mod_access","server",NA,NA,NA,NA,NA
"course-v1:MITxPRO+AMxB+1T2018","A1128973","5bdb6e60ab5c477f9244243bacb6c984","html+block","2018-06-06 18:12:41",0,"edx.ui.lms.sequence.next_selected","browser",NA,NA,NA,NA,NA
"course-v1:MITxPRO+AMxB+1T2018","A1128973","20c18c18d1424607bd03030afc0dabc9","html+block","2018-06-06 18:12:41",0.0166666666666667,"mod_access","server",NA,NA,NA,NA,NA
"course-v1:MITxPRO+AMxB+1T2018","A1128973","20c18c18d1424607bd03030afc0dabc9","html+block","2018-06-06 18:12:44",0,"edx.ui.lms.sequence.previous_selected","browser",NA,NA,NA,NA,NA
"course-v1:MITxPRO+AMxB+1T2018","A1128973","5bdb6e60ab5c477f9244243bacb6c984","html+block","2018-06-06 18:12:44",0.0166666666666667,"mod_access","server",NA,NA,NA,NA,NA
"course-v1:MITxPRO+AMxB+1T2018","A1128973","9c375fe94f4a47fb8074dc6870cf8820","html+block","2018-06-06 18:12:46",1.7,"seq_goto","browser",NA,NA,NA,NA,NA
"course-v1:MITxPRO+AMxB+1T2018","A1128973","d8a02e7515a74c9998f997f6df75771d","html+block","2018-06-06 18:16:17",0.0666666666666667,"mod_access","server",NA,NA,NA,NA,NA
"course-v1:MITxPRO+AMxB+1T2018","A1128973","71c4fd1a1eab4d00b0d4ae1bb725ef5a","video+block","2018-06-06 18:16:21",0.05,"mod_access","server",NA,NA,NA,NA,NA
"course-v1:MITxPRO+AMxB+1T2018","A1128973","d8a02e7515a74c9998f997f6df75771d","html+block","2018-06-06 18:16:32",0.05,"seq_next","browser",NA,NA,NA,NA,NA
"course-v1:MITxPRO+AMxB+1T2018","A1128973","1c671d329ded428288dd93458a0a2667","html+block","2018-06-06 18:16:35",0.05,"seq_next","browser",NA,NA,NA,NA,NA
"course-v1:MITxPRO+AMxB+1T2018","A1128973","d8a02e7515a74c9998f997f6df75771d","html+block","2018-06-06 18:16:38",0,"edx.ui.lms.sequence.next_selected","browser",NA,NA,NA,NA,NA
"course-v1:MITxPRO+AMxB+1T2018","A1128973","f06cfae5902b4db099f1844f9dcad801","html+block","2018-06-06 18:16:38",0.0166666666666667,"mod_access","server",NA,NA,NA,NA,NA
"course-v1:MITxPRO+AMxB+1T2018","A1128973","d07f5cabb83841ebb911eb33d653a517","video+block","2018-06-06 18:16:40",0,"mod_access","server",NA,NA,NA,NA,NA
"course-v1:MITxPRO+AMxB+1T2018","A1128973","98032f7703934ecc960828e8931290bd","video+block","2018-06-06 18:16:40",0.116666666666667,"mod_access","server",NA,NA,NA,NA,NA
"course-v1:MITxPRO+AMxB+1T2018","A1128973","f06cfae5902b4db099f1844f9dcad801","html+block","2018-06-06 18:16:47",0.0166666666666667,"edx.ui.lms.sequence.next_selected","browser",NA,NA,NA,NA,NA
"course-v1:MITxPRO+AMxB+1T2018","A1128973","05800c2e685141ecb48fe59b499d84b6","html+block","2018-06-06 18:16:48",0.05,"mod_access","server",NA,NA,NA,NA,NA
"course-v1:MITxPRO+AMxB+1T2018","A1128973","05800c2e685141ecb48fe59b499d84b6","html+block","2018-06-06 18:20:09",0.1,"seq_next","browser",NA,NA,NA,NA,NA
"course-v1:MITxPRO+AMxB+1T2018","A1128973","f151b1920ab84738857f2e5a6ccdff85","html+block","2018-06-06 18:20:15",0.0166666666666667,"seq_next","browser",NA,NA,NA,NA,NA
"course-v1:MITxPRO+AMxB+1T2018","A1128973","93168ca1ec6a4944b57d75ac98797c0b","html+block","2018-06-06 18:20:16",0.0166666666666667,"seq_goto","browser",NA,NA,NA,NA,NA
"course-v1:MITxPRO+AMxB+1T2018","A1128973","05800c2e685141ecb48fe59b499d84b6","html+block","2018-06-06 18:20:17",0.0333333333333333,"seq_goto","browser",NA,NA,NA,NA,NA
"course-v1:MITxPRO+AMxB+1T2018","A1128973","f151b1920ab84738857f2e5a6ccdff85","html+block","2018-06-06 18:20:19",0.0166666666666667,"seq_next","browser",NA,NA,NA,NA,NA
"course-v1:MITxPRO+AMxB+1T2018","A1128973","5982f524a99e420f8aeee7d90187dd55","video+block","2018-06-06 18:20:20",0,"mod_access","server",NA,NA,NA,NA,NA
"course-v1:MITxPRO+AMxB+1T2018","A1128973","05800c2e685141ecb48fe59b499d84b6","html+block","2018-06-06 18:20:20",0,"edx.ui.lms.sequence.next_selected","browser",NA,NA,NA,NA,NA
"course-v1:MITxPRO+AMxB+1T2018","A1128973","93168ca1ec6a4944b57d75ac98797c0b","html+block","2018-06-06 18:20:20",0.0166666666666667,"seq_next","browser",NA,NA,NA,NA,NA
"course-v1:MITxPRO+AMxB+1T2018","A1128973","cee509fdc136413c8c3e182d487c2b86","html+block","2018-06-06 18:20:21",0.0166666666666667,"mod_access","server",NA,NA,NA,NA,NA
"course-v1:MITxPRO+AMxB+1T2018","A1128973","65596489f9b542e490757e53a60af97c","video+block","2018-06-06 18:20:28",0,"mod_access","server",NA,NA,NA,NA,NA
"course-v1:MITxPRO+AMxB+1T2018","A1128973","cee509fdc136413c8c3e182d487c2b86","html+block","2018-06-06 18:20:28",0.116666666666667,"seq_next","browser",NA,NA,NA,NA,NA
"course-v1:MITxPRO+AMxB+1T2018","A1128973","57b361f6d4ca424299264c668e836e47","html+block","2018-06-06 18:20:35",0,"mod_access","server",NA,NA,NA,NA,NA
"course-v1:MITxPRO+AMxB+1T2018","A1128973","cee509fdc136413c8c3e182d487c2b86","html+block","2018-06-06 18:20:35",0.05,"edx.ui.lms.sequence.next_selected","browser",NA,NA,NA,NA,NA
"course-v1:MITxPRO+AMxB+1T2018","A1128973","57b361f6d4ca424299264c668e836e47","html+block","2018-06-06 18:21:15",0.133333333333333,"seq_next","browser",NA,NA,NA,NA,NA
"course-v1:MITxPRO+AMxB+1T2018","A1128973","7afbe0f3ab05461ab5a3765ad3631052","html+block","2018-06-06 18:21:23",0.0166666666666667,"seq_next","browser",NA,NA,NA,NA,NA
"course-v1:MITxPRO+AMxB+1T2018","A1128973","3a32d27772ce468e941a09b8dd76aec3","html+block","2018-06-06 18:21:24",0.0166666666666667,"seq_next","browser",NA,NA,NA,NA,NA
"course-v1:MITxPRO+AMxB+1T2018","A1128973","c3dc70e138fc4f9a8ef62602347dfd2d","html+block","2018-06-06 18:21:25",0.0166666666666667,"seq_next","browser",NA,NA,NA,NA,NA
"course-v1:MITxPRO+AMxB+1T2018","A1128973","57b361f6d4ca424299264c668e836e47","html+block","2018-06-06 18:21:26",0,"edx.ui.lms.sequence.next_selected","browser",NA,NA,NA,NA,NA
"course-v1:MITxPRO+AMxB+1T2018","A1128973","b31aa53037a74719ba3eb845306e4374","html+block","2018-06-06 18:21:26",0.0166666666666667,"mod_access","server",NA,NA,NA,NA,NA
"course-v1:MITxPRO+AMxB+1T2018","A1128973","b31aa53037a74719ba3eb845306e4374","html+block","2018-06-06 18:21:33",0.1,"seq_next","browser",NA,NA,NA,NA,NA
"course-v1:MITxPRO+AMxB+1T2018","A1128973","75140a4c4a7248179d04fa2a1ab985d5","html+block","2018-06-06 18:21:39",0.0833333333333333,"seq_next","browser",NA,NA,NA,NA,NA
"course-v1:MITxPRO+AMxB+1T2018","A1128973","13d1f65fede84bdcb51f77e7f6419a99","html+block","2018-06-06 18:21:44",0.1,"seq_next","browser",NA,NA,NA,NA,NA
"course-v1:MITxPRO+AMxB+1T2018","A1128973","b31aa53037a74719ba3eb845306e4374","html+block","2018-06-06 18:21:50",0,"edx.ui.lms.sequence.next_selected","browser",NA,NA,NA,NA,NA
"course-v1:MITxPRO+AMxB+1T2018","A1128973","4e2af15f0e154332990f5c331e2c073a","html+block","2018-06-06 18:21:50",0.0333333333333333,"mod_access","server",NA,NA,NA,NA,NA
"course-v1:MITxPRO+AMxB+1T2018","A1128973","7a1a2c4aab5241b785fdaf08add5fdf5","html+block","2018-06-06 18:22:02",0,"mod_access","server",NA,NA,NA,NA,NA
"course-v1:MITxPRO+AMxB+1T2018","A1128973","4e2af15f0e154332990f5c331e2c073a","html+block","2018-06-06 18:22:02",0.0166666666666667,"edx.ui.lms.sequence.next_selected","browser",NA,NA,NA,NA,NA
"course-v1:MITxPRO+AMxB+1T2018","A1128973","7a1a2c4aab5241b785fdaf08add5fdf5","html+block","2018-06-06 18:22:09",0.0333333333333333,"seq_next","browser",NA,NA,NA,NA,NA
"course-v1:MITxPRO+AMxB+1T2018","A1128973","604cd4d206d940269789ea412845f1e8","html+block","2018-06-06 18:22:11",0.0166666666666667,"seq_next","browser",NA,NA,NA,NA,NA
"course-v1:MITxPRO+AMxB+1T2018","A1128973","7a1a2c4aab5241b785fdaf08add5fdf5","html+block","2018-06-06 18:22:12",0,"edx.ui.lms.sequence.next_selected","browser",NA,NA,NA,NA,NA
"course-v1:MITxPRO+AMxB+1T2018","A1128973","611f718731804acf8b5f757f24bcdf64","html+block","2018-06-06 18:22:12",0.0333333333333333,"mod_access","server",NA,NA,NA,NA,NA
"course-v1:MITxPRO+AMxB+1T2018","A1128973","611f718731804acf8b5f757f24bcdf64","html+block","2018-06-06 18:22:19",0.0333333333333333,"seq_next","browser",NA,NA,NA,NA,NA
"course-v1:MITxPRO+AMxB+1T2018","A1128973","797a6e6ad6a9498396d577b377aec258","html+block","2018-06-06 18:22:21",0.0166666666666667,"seq_next","browser",NA,NA,NA,NA,NA
"course-v1:MITxPRO+AMxB+1T2018","A1128973","2e48e055fb4146e9b149086c1385037d","html+block","2018-06-06 18:22:22",0.0166666666666667,"seq_next","browser",NA,NA,NA,NA,NA
"course-v1:MITxPRO+AMxB+1T2018","A1128973","6a3fd2c28384465589f148598410fbdd","html+block","2018-06-06 18:22:23",0,"mod_access","server",NA,NA,NA,NA,NA
"course-v1:MITxPRO+AMxB+1T2018","A1128973","611f718731804acf8b5f757f24bcdf64","html+block","2018-06-06 18:22:23",0.0166666666666667,"edx.ui.lms.sequence.next_selected","browser",NA,NA,NA,NA,NA
"course-v1:MITxPRO+AMxB+1T2018","A1128973","90efb799135b4a83860d413d182e62af","video+block","2018-06-06 18:22:25",0.0833333333333333,"mod_access","server",NA,NA,NA,NA,NA
"course-v1:MITxPRO+AMxB+1T2018","A1128973","6a3fd2c28384465589f148598410fbdd","html+block","2018-06-06 18:22:30",0,"seq_next","browser",NA,NA,NA,NA,NA
"course-v1:MITxPRO+AMxB+1T2018","A1128973","8fba3f66ee7a4a218d411662d248a54d","video+block","2018-06-06 18:22:30",0.0166666666666667,"mod_access","server",NA,NA,NA,NA,NA
"course-v1:MITxPRO+AMxB+1T2018","A1128973","6a3fd2c28384465589f148598410fbdd","html+block","2018-06-06 18:22:31",0.0166666666666667,"edx.ui.lms.sequence.next_selected","browser",NA,NA,NA,NA,NA
"course-v1:MITxPRO+AMxB+1T2018","A1128973","ca8aac0be163430e8baaad776c32ddd2","html+block","2018-06-06 18:22:32",0.0166666666666667,"mod_access","server",NA,NA,NA,NA,NA
"course-v1:MITxPRO+AMxB+1T2018","A1128973","e07603058e9043579d9f2f17be10b866","video+block","2018-06-06 18:22:33",0.15,"mod_access","server",NA,NA,NA,NA,NA
"course-v1:MITxPRO+AMxB+1T2018","A1128973","ca8aac0be163430e8baaad776c32ddd2","html+block","2018-06-06 18:22:42",0,"seq_next","browser",NA,NA,NA,NA,NA
"course-v1:MITxPRO+AMxB+1T2018","A1128973","abdacc6701224360a3f86b8be3f366bf","video+block","2018-06-06 18:22:42",0,"mod_access","server",NA,NA,NA,NA,NA
"course-v1:MITxPRO+AMxB+1T2018","A1128973","e588e625f78049a5aed0c685e1fc9500","video+block","2018-06-06 18:22:42",0.0833333333333333,"mod_access","server",NA,NA,NA,NA,NA
"course-v1:MITxPRO+AMxB+1T2018","A1128973","202fe760f26e4bd7a5a9cd1926e3f678","html+block","2018-06-06 18:22:47",0,"mod_access","server",NA,NA,NA,NA,NA
"course-v1:MITxPRO+AMxB+1T2018","A1128973","ca8aac0be163430e8baaad776c32ddd2","html+block","2018-06-06 18:22:47",0.0333333333333333,"edx.ui.lms.sequence.next_selected","browser",NA,NA,NA,NA,NA
"course-v1:MITxPRO+AMxB+1T2018","A1128973","3e3428242983494095b0d25bad62a657","video+block","2018-06-06 18:22:50",0.0333333333333333,"mod_access","server",NA,NA,NA,NA,NA
"course-v1:MITxPRO+AMxB+1T2018","A1128973","202fe760f26e4bd7a5a9cd1926e3f678","html+block","2018-06-06 18:22:52",0.0166666666666667,"edx.ui.lms.sequence.next_selected","browser",NA,NA,NA,NA,NA
"course-v1:MITxPRO+AMxB+1T2018","A1128973","064f627c77a54926aac5e4c6b665a883","problem+block","2018-06-06 18:22:53",0.0166666666666667,"mod_access","server",NA,NA,NA,NA,NA
"course-v1:MITxPRO+AMxB+1T2018","A1128973","064f627c77a54926aac5e4c6b665a883","problem+block","2018-06-06 18:22:56",0,"edx.ui.lms.sequence.next_selected","browser",NA,NA,NA,NA,NA
"course-v1:MITxPRO+AMxB+1T2018","A1128973","a27e6ccbd699476c823afe67c91324cf","html+block","2018-06-06 18:22:56",0.0166666666666667,"mod_access","server",NA,NA,NA,NA,NA
"course-v1:MITxPRO+AMxB+1T2018","A1128973","3a515431ad5d4619b97924675284a684","video+block","2018-06-06 18:22:58",0.0333333333333333,"mod_access","server",NA,NA,NA,NA,NA
"course-v1:MITxPRO+AMxB+1T2018","A1128973","ad172c9eaecf4a59bba2238ca2bb3990","html+block","2018-06-06 18:23:00",0,"mod_access","server",NA,NA,NA,NA,NA
"course-v1:MITxPRO+AMxB+1T2018","A1128973","a27e6ccbd699476c823afe67c91324cf","html+block","2018-06-06 18:23:00",0.0166666666666667,"edx.ui.lms.sequence.next_selected","browser",NA,NA,NA,NA,NA
"course-v1:MITxPRO+AMxB+1T2018","A1128973","b4b721ff8e98417a9ffd504f445c8998","video+block","2018-06-06 18:23:02",0.0166666666666667,"mod_access","server",NA,NA,NA,NA,NA
"course-v1:MITxPRO+AMxB+1T2018","A1128973","d9dd2a4989284d94b66c5a100745f102","html+block","2018-06-06 18:23:03",0,"mod_access","server",NA,NA,NA,NA,NA
"course-v1:MITxPRO+AMxB+1T2018","A1128973","ad172c9eaecf4a59bba2238ca2bb3990","html+block","2018-06-06 18:23:03",0.0333333333333333,"edx.ui.lms.sequence.next_selected","browser",NA,NA,NA,NA,NA
"course-v1:MITxPRO+AMxB+1T2018","A1128973","d9dd2a4989284d94b66c5a100745f102","html+block","2018-06-06 18:23:08",0.216666666666667,"seq_next","browser",NA,NA,NA,NA,NA
"course-v1:MITxPRO+AMxB+1T2018","A1128973","4e7f6237dba14b9cabab572a9032820e","html+block","2018-06-06 18:23:21",0.533333333333333,"seq_next","browser",NA,NA,NA,NA,NA
"course-v1:MITxPRO+AMxB+1T2018","A1128973","dfa2734715da48a083fe836252dac452","html+block","2018-06-06 18:23:53",1.31666666666667,"seq_next","browser",NA,NA,NA,NA,NA
"course-v1:MITxPRO+AMxB+1T2018","A1128973","6209866a51f94d1982106374115c7594","html+block","2018-06-06 18:25:12",7.91666666666667,"seq_next","browser",NA,NA,NA,NA,NA
"course-v1:MITxPRO+AMxB+1T2018","A1128973","d8a02e7515a74c9998f997f6df75771d","html+block","2018-06-06 18:33:07",0,"edx.ui.lms.link_clicked","browser",NA,NA,NA,NA,NA
"course-v1:MITxPRO+AMxB+1T2018","A1128973","d8a02e7515a74c9998f997f6df75771d","html+block","2018-06-06 18:33:07",0.0333333333333333,"mod_access","server",NA,NA,NA,NA,NA
"course-v1:MITxPRO+AMxB+1T2018","A1128973","71c4fd1a1eab4d00b0d4ae1bb725ef5a","video+block","2018-06-06 18:33:09",0.0666666666666667,"mod_access","server",NA,NA,NA,NA,NA
"course-v1:MITxPRO+AMxB+1T2018","A1128973","d8a02e7515a74c9998f997f6df75771d","html+block","2018-06-06 18:33:13",0.0333333333333333,"seq_next","browser",NA,NA,NA,NA,NA
"course-v1:MITxPRO+AMxB+1T2018","A1128973","1c671d329ded428288dd93458a0a2667","html+block","2018-06-06 18:33:15",0.1,"seq_next","browser",NA,NA,NA,NA,NA
"course-v1:MITxPRO+AMxB+1T2018","A1128973","d8a02e7515a74c9998f997f6df75771d","html+block","2018-06-06 18:33:21",0,"edx.ui.lms.sequence.next_selected","browser",NA,NA,NA,NA,NA
"course-v1:MITxPRO+AMxB+1T2018","A1128973","f06cfae5902b4db099f1844f9dcad801","html+block","2018-06-06 18:33:21",0.0166666666666667,"mod_access","server",NA,NA,NA,NA,NA
"course-v1:MITxPRO+AMxB+1T2018","A1128973","d07f5cabb83841ebb911eb33d653a517","video+block","2018-06-06 18:33:23",0,"mod_access","server",NA,NA,NA,NA,NA
"course-v1:MITxPRO+AMxB+1T2018","A1128973","98032f7703934ecc960828e8931290bd","video+block","2018-06-06 18:33:23",0.05,"mod_access","server",NA,NA,NA,NA,NA
"course-v1:MITxPRO+AMxB+1T2018","A1128973","05800c2e685141ecb48fe59b499d84b6","html+block","2018-06-06 18:33:26",0,"mod_access","server",NA,NA,NA,NA,NA
"course-v1:MITxPRO+AMxB+1T2018","A1128973","f06cfae5902b4db099f1844f9dcad801","html+block","2018-06-06 18:33:26",0.0333333333333333,"edx.ui.lms.sequence.next_selected","browser",NA,NA,NA,NA,NA
"course-v1:MITxPRO+AMxB+1T2018","A1128973","d9dd2a4989284d94b66c5a100745f102","html+block","2018-06-07 01:55:51",0.0666666666666667,"mod_access","server",NA,NA,NA,NA,NA
"course-v1:MITxPRO+AMxB+1T2018","A1128973","d9dd2a4989284d94b66c5a100745f102","html+block","2018-06-07 01:55:55",0.0333333333333333,"edx.ui.lms.link_clicked","browser",NA,NA,NA,NA,NA
"course-v1:MITxPRO+AMxB+1T2018","A1128973","0704a9032b0b4dfebc92a428247b2a14","html+block","2018-06-07 01:56:02",0.0166666666666667,"edx.ui.lms.link_clicked","browser",NA,NA,NA,NA,NA
"course-v1:MITxPRO+AMxB+1T2018","A1128973","0704a9032b0b4dfebc92a428247b2a14","html+block","2018-06-07 01:56:03",0.0333333333333333,"mod_access","server",NA,NA,NA,NA,NA
"course-v1:MITxPRO+AMxB+1T2018","A1128973","ea1d651f18c34e6fa36ee0f68962ecb9","openassessment+block","2018-06-07 01:56:05",0,"mod_access","server",NA,NA,NA,NA,NA
"course-v1:MITxPRO+AMxB+1T2018","A1128973","ea1d651f18c34e6fa36ee0f68962ecb9","openassessment+block","2018-06-07 01:56:05",0,"mod_access","server",NA,NA,NA,NA,NA
"course-v1:MITxPRO+AMxB+1T2018","A1128973","ea1d651f18c34e6fa36ee0f68962ecb9","openassessment+block","2018-06-07 01:56:05",0,"mod_access","server",NA,NA,NA,NA,NA
"course-v1:MITxPRO+AMxB+1T2018","A1128973","ea1d651f18c34e6fa36ee0f68962ecb9","openassessment+block","2018-06-07 01:56:05",0,"mod_access","server",NA,NA,NA,NA,NA
"course-v1:MITxPRO+AMxB+1T2018","A1128973","ea1d651f18c34e6fa36ee0f68962ecb9","openassessment+block","2018-06-07 01:56:05",0,"mod_access","server",NA,NA,NA,NA,NA
"course-v1:MITxPRO+AMxB+1T2018","A1128973","ea1d651f18c34e6fa36ee0f68962ecb9","openassessment+block","2018-06-07 01:56:05",0,"mod_access","server",NA,NA,NA,NA,NA
"course-v1:MITxPRO+AMxB+1T2018","A1128973","ea1d651f18c34e6fa36ee0f68962ecb9","openassessment+block","2018-06-07 01:56:05",0,"mod_access","server",NA,NA,NA,NA,NA
"course-v1:MITxPRO+AMxB+1T2018","A1128973","ea1d651f18c34e6fa36ee0f68962ecb9","openassessment+block","2018-06-07 01:56:05",2.5,"mod_access","server",NA,NA,NA,NA,NA
"course-v1:MITxPRO+AMxB+1T2018","A1128973","0704a9032b0b4dfebc92a428247b2a14","html+block","2018-06-07 01:58:35",0.0333333333333333,"mod_access","server",NA,NA,NA,NA,NA
"course-v1:MITxPRO+AMxB+1T2018","A1128973","ea1d651f18c34e6fa36ee0f68962ecb9","openassessment+block","2018-06-07 01:58:37",0,"mod_access","server",NA,NA,NA,NA,NA
"course-v1:MITxPRO+AMxB+1T2018","A1128973","ea1d651f18c34e6fa36ee0f68962ecb9","openassessment+block","2018-06-07 01:58:38",0,"mod_access","server",NA,NA,NA,NA,NA
"course-v1:MITxPRO+AMxB+1T2018","A1128973","ea1d651f18c34e6fa36ee0f68962ecb9","openassessment+block","2018-06-07 01:58:38",0,"mod_access","server",NA,NA,NA,NA,NA
"course-v1:MITxPRO+AMxB+1T2018","A1128973","ea1d651f18c34e6fa36ee0f68962ecb9","openassessment+block","2018-06-07 01:58:38",0,"mod_access","server",NA,NA,NA,NA,NA
"course-v1:MITxPRO+AMxB+1T2018","A1128973","ea1d651f18c34e6fa36ee0f68962ecb9","openassessment+block","2018-06-07 01:58:38",0,"mod_access","server",NA,NA,NA,NA,NA
"course-v1:MITxPRO+AMxB+1T2018","A1128973","ea1d651f18c34e6fa36ee0f68962ecb9","openassessment+block","2018-06-07 01:58:38",0,"mod_access","server",NA,NA,NA,NA,NA
"course-v1:MITxPRO+AMxB+1T2018","A1128973","ea1d651f18c34e6fa36ee0f68962ecb9","openassessment+block","2018-06-07 01:58:38",0,"mod_access","server",NA,NA,NA,NA,NA
"course-v1:MITxPRO+AMxB+1T2018","A1128973","ea1d651f18c34e6fa36ee0f68962ecb9","openassessment+block","2018-06-07 01:58:38",38,"mod_access","server",NA,NA,NA,NA,NA
"course-v1:MITxPRO+AMxB+1T2018","A1128973","0704a9032b0b4dfebc92a428247b2a14","html+block","2018-06-07 02:36:38",0.0166666666666667,"mod_access","server",NA,NA,NA,NA,NA
"course-v1:MITxPRO+AMxB+1T2018","A1128973","ea1d651f18c34e6fa36ee0f68962ecb9","openassessment+block","2018-06-07 02:36:41",0,"mod_access","server",NA,NA,NA,NA,NA
"course-v1:MITxPRO+AMxB+1T2018","A1128973","ea1d651f18c34e6fa36ee0f68962ecb9","openassessment+block","2018-06-07 02:36:41",0,"mod_access","server",NA,NA,NA,NA,NA
"course-v1:MITxPRO+AMxB+1T2018","A1128973","ea1d651f18c34e6fa36ee0f68962ecb9","openassessment+block","2018-06-07 02:36:41",0,"mod_access","server",NA,NA,NA,NA,NA
"course-v1:MITxPRO+AMxB+1T2018","A1128973","ea1d651f18c34e6fa36ee0f68962ecb9","openassessment+block","2018-06-07 02:36:41",0,"mod_access","server",NA,NA,NA,NA,NA
"course-v1:MITxPRO+AMxB+1T2018","A1128973","ea1d651f18c34e6fa36ee0f68962ecb9","openassessment+block","2018-06-07 02:36:41",0,"mod_access","server",NA,NA,NA,NA,NA
"course-v1:MITxPRO+AMxB+1T2018","A1128973","ea1d651f18c34e6fa36ee0f68962ecb9","openassessment+block","2018-06-07 02:36:41",0,"mod_access","server",NA,NA,NA,NA,NA
"course-v1:MITxPRO+AMxB+1T2018","A1128973","ea1d651f18c34e6fa36ee0f68962ecb9","openassessment+block","2018-06-07 02:36:41",0,"mod_access","server",NA,NA,NA,NA,NA
"course-v1:MITxPRO+AMxB+1T2018","A1128973","ea1d651f18c34e6fa36ee0f68962ecb9","openassessment+block","2018-06-07 02:36:41",58.6666666666667,"mod_access","server",NA,NA,NA,NA,NA
"course-v1:MITxPRO+AMxB+1T2018","A1128973","0704a9032b0b4dfebc92a428247b2a14","html+block","2018-06-07 03:35:21",0.0333333333333333,"mod_access","server",NA,NA,NA,NA,NA
"course-v1:MITxPRO+AMxB+1T2018","A1128973","ea1d651f18c34e6fa36ee0f68962ecb9","openassessment+block","2018-06-07 03:35:23",0,"mod_access","server",NA,NA,NA,NA,NA
"course-v1:MITxPRO+AMxB+1T2018","A1128973","ea1d651f18c34e6fa36ee0f68962ecb9","openassessment+block","2018-06-07 03:35:24",0,"mod_access","server",NA,NA,NA,NA,NA
"course-v1:MITxPRO+AMxB+1T2018","A1128973","ea1d651f18c34e6fa36ee0f68962ecb9","openassessment+block","2018-06-07 03:35:24",0,"mod_access","server",NA,NA,NA,NA,NA
"course-v1:MITxPRO+AMxB+1T2018","A1128973","ea1d651f18c34e6fa36ee0f68962ecb9","openassessment+block","2018-06-07 03:35:24",0,"mod_access","server",NA,NA,NA,NA,NA
"course-v1:MITxPRO+AMxB+1T2018","A1128973","ea1d651f18c34e6fa36ee0f68962ecb9","openassessment+block","2018-06-07 03:35:24",0,"mod_access","server",NA,NA,NA,NA,NA
"course-v1:MITxPRO+AMxB+1T2018","A1128973","ea1d651f18c34e6fa36ee0f68962ecb9","openassessment+block","2018-06-07 03:35:24",0,"mod_access","server",NA,NA,NA,NA,NA
"course-v1:MITxPRO+AMxB+1T2018","A1128973","ea1d651f18c34e6fa36ee0f68962ecb9","openassessment+block","2018-06-07 03:35:24",0,"mod_access","server",NA,NA,NA,NA,NA
"course-v1:MITxPRO+AMxB+1T2018","A1128973","ea1d651f18c34e6fa36ee0f68962ecb9","openassessment+block","2018-06-07 03:35:24",0,"mod_access","server",NA,NA,NA,NA,NA
"course-v1:MITxPRO+AMxB+1T2018","A1128973","0704a9032b0b4dfebc92a428247b2a14","html+block","2018-06-07 04:42:40",0.0166666666666667,"mod_access","server",NA,NA,NA,NA,NA
"course-v1:MITxPRO+AMxB+1T2018","A1128973","ea1d651f18c34e6fa36ee0f68962ecb9","openassessment+block","2018-06-07 04:42:42",0,"mod_access","server",NA,NA,NA,NA,NA
"course-v1:MITxPRO+AMxB+1T2018","A1128973","ea1d651f18c34e6fa36ee0f68962ecb9","openassessment+block","2018-06-07 04:42:42",0,"mod_access","server",NA,NA,NA,NA,NA
"course-v1:MITxPRO+AMxB+1T2018","A1128973","ea1d651f18c34e6fa36ee0f68962ecb9","openassessment+block","2018-06-07 04:42:42",0,"mod_access","server",NA,NA,NA,NA,NA
"course-v1:MITxPRO+AMxB+1T2018","A1128973","ea1d651f18c34e6fa36ee0f68962ecb9","openassessment+block","2018-06-07 04:42:42",0,"mod_access","server",NA,NA,NA,NA,NA
"course-v1:MITxPRO+AMxB+1T2018","A1128973","ea1d651f18c34e6fa36ee0f68962ecb9","openassessment+block","2018-06-07 04:42:42",0,"mod_access","server",NA,NA,NA,NA,NA
"course-v1:MITxPRO+AMxB+1T2018","A1128973","ea1d651f18c34e6fa36ee0f68962ecb9","openassessment+block","2018-06-07 04:42:42",0,"mod_access","server",NA,NA,NA,NA,NA
"course-v1:MITxPRO+AMxB+1T2018","A1128973","ea1d651f18c34e6fa36ee0f68962ecb9","openassessment+block","2018-06-07 04:42:42",0.0166666666666667,"mod_access","server",NA,NA,NA,NA,NA
"course-v1:MITxPRO+AMxB+1T2018","A1128973","ea1d651f18c34e6fa36ee0f68962ecb9","openassessment+block","2018-06-07 04:42:43",0,"mod_access","server",NA,NA,NA,NA,NA
"course-v1:MITxPRO+AMxB+1T2018","A1128973","0704a9032b0b4dfebc92a428247b2a14","html+block","2018-06-07 06:51:49",0.0333333333333333,"mod_access","server",NA,NA,NA,NA,NA
"course-v1:MITxPRO+AMxB+1T2018","A1128973","ea1d651f18c34e6fa36ee0f68962ecb9","openassessment+block","2018-06-07 06:51:52",0,"mod_access","server",NA,NA,NA,NA,NA
"course-v1:MITxPRO+AMxB+1T2018","A1128973","ea1d651f18c34e6fa36ee0f68962ecb9","openassessment+block","2018-06-07 06:51:52",0,"mod_access","server",NA,NA,NA,NA,NA
"course-v1:MITxPRO+AMxB+1T2018","A1128973","ea1d651f18c34e6fa36ee0f68962ecb9","openassessment+block","2018-06-07 06:51:52",0,"mod_access","server",NA,NA,NA,NA,NA
"course-v1:MITxPRO+AMxB+1T2018","A1128973","ea1d651f18c34e6fa36ee0f68962ecb9","openassessment+block","2018-06-07 06:51:52",0,"mod_access","server",NA,NA,NA,NA,NA
"course-v1:MITxPRO+AMxB+1T2018","A1128973","ea1d651f18c34e6fa36ee0f68962ecb9","openassessment+block","2018-06-07 06:51:52",0,"mod_access","server",NA,NA,NA,NA,NA
"course-v1:MITxPRO+AMxB+1T2018","A1128973","ea1d651f18c34e6fa36ee0f68962ecb9","openassessment+block","2018-06-07 06:51:52",0,"mod_access","server",NA,NA,NA,NA,NA
"course-v1:MITxPRO+AMxB+1T2018","A1128973","ea1d651f18c34e6fa36ee0f68962ecb9","openassessment+block","2018-06-07 06:51:52",0,"mod_access","server",NA,NA,NA,NA,NA
"course-v1:MITxPRO+AMxB+1T2018","A1128973","ea1d651f18c34e6fa36ee0f68962ecb9","openassessment+block","2018-06-07 06:51:52",18.5166666666667,"mod_access","server",NA,NA,NA,NA,NA
"course-v1:MITxPRO+AMxB+1T2018","A1128973","0704a9032b0b4dfebc92a428247b2a14","html+block","2018-06-07 07:10:23",0.0333333333333333,"mod_access","server",NA,NA,NA,NA,NA
"course-v1:MITxPRO+AMxB+1T2018","A1128973","ea1d651f18c34e6fa36ee0f68962ecb9","openassessment+block","2018-06-07 07:10:27",0,"mod_access","server",NA,NA,NA,NA,NA
"course-v1:MITxPRO+AMxB+1T2018","A1128973","ea1d651f18c34e6fa36ee0f68962ecb9","openassessment+block","2018-06-07 07:10:27",0,"mod_access","server",NA,NA,NA,NA,NA
"course-v1:MITxPRO+AMxB+1T2018","A1128973","ea1d651f18c34e6fa36ee0f68962ecb9","openassessment+block","2018-06-07 07:10:27",0,"mod_access","server",NA,NA,NA,NA,NA
"course-v1:MITxPRO+AMxB+1T2018","A1128973","ea1d651f18c34e6fa36ee0f68962ecb9","openassessment+block","2018-06-07 07:10:27",0,"mod_access","server",NA,NA,NA,NA,NA
"course-v1:MITxPRO+AMxB+1T2018","A1128973","ea1d651f18c34e6fa36ee0f68962ecb9","openassessment+block","2018-06-07 07:10:27",0,"mod_access","server",NA,NA,NA,NA,NA
"course-v1:MITxPRO+AMxB+1T2018","A1128973","ea1d651f18c34e6fa36ee0f68962ecb9","openassessment+block","2018-06-07 07:10:27",0,"mod_access","server",NA,NA,NA,NA,NA
"course-v1:MITxPRO+AMxB+1T2018","A1128973","ea1d651f18c34e6fa36ee0f68962ecb9","openassessment+block","2018-06-07 07:10:27",0,"mod_access","server",NA,NA,NA,NA,NA
"course-v1:MITxPRO+AMxB+1T2018","A1128973","ea1d651f18c34e6fa36ee0f68962ecb9","openassessment+block","2018-06-07 07:10:27",15.6666666666667,"mod_access","server",NA,NA,NA,NA,NA
"course-v1:MITxPRO+AMxB+1T2018","A1128973","d9dd2a4989284d94b66c5a100745f102","html+block","2018-06-07 07:26:07",0.0333333333333333,"edx.ui.lms.link_clicked","browser",NA,NA,NA,NA,NA
"course-v1:MITxPRO+AMxB+1T2018","A1128973","ad172c9eaecf4a59bba2238ca2bb3990","html+block","2018-06-07 07:27:07",0,"mod_access","server",NA,NA,NA,NA,NA
"course-v1:MITxPRO+AMxB+1T2018","A1128973","ad172c9eaecf4a59bba2238ca2bb3990","html+block","2018-06-07 07:27:07",0.05,"edx.ui.lms.link_clicked","browser",NA,NA,NA,NA,NA
"course-v1:MITxPRO+AMxB+1T2018","A1128973","b4b721ff8e98417a9ffd504f445c8998","video+block","2018-06-07 07:27:10",0.133333333333333,"mod_access","server",NA,NA,NA,NA,NA
"course-v1:MITxPRO+AMxB+1T2018","A1128973","ca8aac0be163430e8baaad776c32ddd2","html+block","2018-06-07 07:27:18",0,"edx.ui.lms.link_clicked","browser",NA,NA,NA,NA,NA
"course-v1:MITxPRO+AMxB+1T2018","A1128973","06b02d057d574f24a6cac30186bf0bf2","html+block","2018-06-07 07:27:34",0,"edx.ui.lms.link_clicked","browser",NA,NA,NA,NA,NA
"course-v1:MITxPRO+AMxB+1T2018","A1128973","05800c2e685141ecb48fe59b499d84b6","html+block","2018-06-07 07:27:34",0.05,"mod_access","server",NA,NA,NA,NA,NA
"course-v1:MITxPRO+AMxB+1T2018","A1128973","5982f524a99e420f8aeee7d90187dd55","video+block","2018-06-07 07:27:37",10.35,"mod_access","server",NA,NA,NA,NA,NA
"course-v1:MITxPRO+AMxB+1T2018","A1128973","f06cfae5902b4db099f1844f9dcad801","html+block","2018-06-07 07:37:58",0.0333333333333333,"edx.ui.lms.link_clicked","browser",NA,NA,NA,NA,NA
"course-v1:MITxPRO+AMxB+1T2018","A1128973","0704a9032b0b4dfebc92a428247b2a14","html+block","2018-06-07 07:38:08",0.0166666666666667,"edx.ui.lms.link_clicked","browser",NA,NA,NA,NA,NA
"course-v1:MITxPRO+AMxB+1T2018","A1128973","0704a9032b0b4dfebc92a428247b2a14","html+block","2018-06-07 07:38:09",0.0333333333333333,"mod_access","server",NA,NA,NA,NA,NA
"course-v1:MITxPRO+AMxB+1T2018","A1128973","ea1d651f18c34e6fa36ee0f68962ecb9","openassessment+block","2018-06-07 07:38:11",0,"mod_access","server",NA,NA,NA,NA,NA
"course-v1:MITxPRO+AMxB+1T2018","A1128973","ea1d651f18c34e6fa36ee0f68962ecb9","openassessment+block","2018-06-07 07:38:11",0,"mod_access","server",NA,NA,NA,NA,NA
"course-v1:MITxPRO+AMxB+1T2018","A1128973","ea1d651f18c34e6fa36ee0f68962ecb9","openassessment+block","2018-06-07 07:38:11",0,"mod_access","server",NA,NA,NA,NA,NA
"course-v1:MITxPRO+AMxB+1T2018","A1128973","ea1d651f18c34e6fa36ee0f68962ecb9","openassessment+block","2018-06-07 07:38:11",0,"mod_access","server",NA,NA,NA,NA,NA
"course-v1:MITxPRO+AMxB+1T2018","A1128973","ea1d651f18c34e6fa36ee0f68962ecb9","openassessment+block","2018-06-07 07:38:11",0,"mod_access","server",NA,NA,NA,NA,NA
"course-v1:MITxPRO+AMxB+1T2018","A1128973","ea1d651f18c34e6fa36ee0f68962ecb9","openassessment+block","2018-06-07 07:38:11",0,"mod_access","server",NA,NA,NA,NA,NA
"course-v1:MITxPRO+AMxB+1T2018","A1128973","ea1d651f18c34e6fa36ee0f68962ecb9","openassessment+block","2018-06-07 07:38:11",0,"mod_access","server",NA,NA,NA,NA,NA
"course-v1:MITxPRO+AMxB+1T2018","A1128973","ea1d651f18c34e6fa36ee0f68962ecb9","openassessment+block","2018-06-07 07:38:11",9.56666666666667,"mod_access","server",NA,NA,NA,NA,NA
"course-v1:MITxPRO+AMxB+1T2018","A1128973","0704a9032b0b4dfebc92a428247b2a14","html+block","2018-06-07 07:47:45",0.0166666666666667,"mod_access","server",NA,NA,NA,NA,NA
"course-v1:MITxPRO+AMxB+1T2018","A1128973","ea1d651f18c34e6fa36ee0f68962ecb9","openassessment+block","2018-06-07 07:47:47",0,"mod_access","server",NA,NA,NA,NA,NA
"course-v1:MITxPRO+AMxB+1T2018","A1128973","ea1d651f18c34e6fa36ee0f68962ecb9","openassessment+block","2018-06-07 07:47:47",0,"mod_access","server",NA,NA,NA,NA,NA
"course-v1:MITxPRO+AMxB+1T2018","A1128973","ea1d651f18c34e6fa36ee0f68962ecb9","openassessment+block","2018-06-07 07:47:47",0,"mod_access","server",NA,NA,NA,NA,NA
"course-v1:MITxPRO+AMxB+1T2018","A1128973","ea1d651f18c34e6fa36ee0f68962ecb9","openassessment+block","2018-06-07 07:47:47",0,"mod_access","server",NA,NA,NA,NA,NA
"course-v1:MITxPRO+AMxB+1T2018","A1128973","ea1d651f18c34e6fa36ee0f68962ecb9","openassessment+block","2018-06-07 07:47:47",0,"mod_access","server",NA,NA,NA,NA,NA
"course-v1:MITxPRO+AMxB+1T2018","A1128973","ea1d651f18c34e6fa36ee0f68962ecb9","openassessment+block","2018-06-07 07:47:47",0,"mod_access","server",NA,NA,NA,NA,NA
"course-v1:MITxPRO+AMxB+1T2018","A1128973","ea1d651f18c34e6fa36ee0f68962ecb9","openassessment+block","2018-06-07 07:47:47",0,"mod_access","server",NA,NA,NA,NA,NA
"course-v1:MITxPRO+AMxB+1T2018","A1128973","ea1d651f18c34e6fa36ee0f68962ecb9","openassessment+block","2018-06-07 07:47:47",3.41666666666667,"mod_access","server",NA,NA,NA,NA,NA
"course-v1:MITxPRO+AMxB+1T2018","A1128973","ea1d651f18c34e6fa36ee0f68962ecb9","openassessment+block","2018-06-07 07:51:12",0,"mod_access","server",NA,NA,NA,NA,NA
"course-v1:MITxPRO+AMxB+1T2018","A1128973","ea1d651f18c34e6fa36ee0f68962ecb9","openassessment+block","2018-06-07 07:51:12",0,"openassessmentblock.save_files_descriptions","server",NA,NA,NA,NA,NA
"course-v1:MITxPRO+AMxB+1T2018","A1128973","ea1d651f18c34e6fa36ee0f68962ecb9","openassessment+block","2018-06-07 07:51:12",0,"mod_access","server",NA,NA,NA,NA,NA
"course-v1:MITxPRO+AMxB+1T2018","A1128973","ea1d651f18c34e6fa36ee0f68962ecb9","openassessment+block","2018-06-07 07:51:12",0.0333333333333333,"mod_access","server",NA,NA,NA,NA,NA
"course-v1:MITxPRO+AMxB+1T2018","A1128973","ea1d651f18c34e6fa36ee0f68962ecb9","openassessment+block","2018-06-07 07:51:14",0.15,"mod_access","server",NA,NA,NA,NA,NA
"course-v1:MITxPRO+AMxB+1T2018","A1128973","ea1d651f18c34e6fa36ee0f68962ecb9","openassessment+block","2018-06-07 07:51:23",0,"mod_access","server",NA,NA,NA,NA,NA
"course-v1:MITxPRO+AMxB+1T2018","A1128973","ea1d651f18c34e6fa36ee0f68962ecb9","openassessment+block","2018-06-07 07:51:23",0.0166666666666667,"openassessmentblock.create_submission","server",NA,NA,NA,NA,NA
"course-v1:MITxPRO+AMxB+1T2018","A1128973","ea1d651f18c34e6fa36ee0f68962ecb9","openassessment+block","2018-06-07 07:51:24",0,"mod_access","server",NA,NA,NA,NA,NA
"course-v1:MITxPRO+AMxB+1T2018","A1128973","ea1d651f18c34e6fa36ee0f68962ecb9","openassessment+block","2018-06-07 07:51:24",0,"mod_access","server",NA,NA,NA,NA,NA
"course-v1:MITxPRO+AMxB+1T2018","A1128973","ea1d651f18c34e6fa36ee0f68962ecb9","openassessment+block","2018-06-07 07:51:24",0,"mod_access","server",NA,NA,NA,NA,NA
"course-v1:MITxPRO+AMxB+1T2018","A1128973","ea1d651f18c34e6fa36ee0f68962ecb9","openassessment+block","2018-06-07 07:51:24",0,"mod_access","server",NA,NA,NA,NA,NA
"course-v1:MITxPRO+AMxB+1T2018","A1128973","ea1d651f18c34e6fa36ee0f68962ecb9","openassessment+block","2018-06-07 07:51:24",0,"mod_access","server",NA,NA,NA,NA,NA
"course-v1:MITxPRO+AMxB+1T2018","A1128973","ea1d651f18c34e6fa36ee0f68962ecb9","openassessment+block","2018-06-07 07:51:24",0,"mod_access","server",NA,NA,NA,NA,NA
"course-v1:MITxPRO+AMxB+1T2018","A1128973","ea1d651f18c34e6fa36ee0f68962ecb9","openassessment+block","2018-06-07 07:51:24",0,"mod_access","server",NA,NA,NA,NA,NA
"course-v1:MITxPRO+AMxB+1T2018","A1128973","ea1d651f18c34e6fa36ee0f68962ecb9","openassessment+block","2018-06-07 07:51:24",0,"openassessmentblock.get_peer_submission","server",NA,NA,NA,NA,NA
"course-v1:MITxPRO+AMxB+1T2018","A1128973","ea1d651f18c34e6fa36ee0f68962ecb9","openassessment+block","2018-06-07 07:51:24",0,"mod_access","server",NA,NA,NA,NA,NA
"course-v1:MITxPRO+AMxB+1T2018","A1128973","0704a9032b0b4dfebc92a428247b2a14","html+block","2018-06-10 00:44:00",0.05,"mod_access","server",NA,NA,NA,NA,NA
"course-v1:MITxPRO+AMxB+1T2018","A1128973","ea1d651f18c34e6fa36ee0f68962ecb9","openassessment+block","2018-06-10 00:44:03",0,"mod_access","server",NA,NA,NA,NA,NA
"course-v1:MITxPRO+AMxB+1T2018","A1128973","ea1d651f18c34e6fa36ee0f68962ecb9","openassessment+block","2018-06-10 00:44:03",0,"mod_access","server",NA,NA,NA,NA,NA
"course-v1:MITxPRO+AMxB+1T2018","A1128973","ea1d651f18c34e6fa36ee0f68962ecb9","openassessment+block","2018-06-10 00:44:03",0,"mod_access","server",NA,NA,NA,NA,NA
"course-v1:MITxPRO+AMxB+1T2018","A1128973","ea1d651f18c34e6fa36ee0f68962ecb9","openassessment+block","2018-06-10 00:44:03",0,"mod_access","server",NA,NA,NA,NA,NA
"course-v1:MITxPRO+AMxB+1T2018","A1128973","ea1d651f18c34e6fa36ee0f68962ecb9","openassessment+block","2018-06-10 00:44:03",0,"mod_access","server",NA,NA,NA,NA,NA
"course-v1:MITxPRO+AMxB+1T2018","A1128973","ea1d651f18c34e6fa36ee0f68962ecb9","openassessment+block","2018-06-10 00:44:03",0.0166666666666667,"mod_access","server",NA,NA,NA,NA,NA
"course-v1:MITxPRO+AMxB+1T2018","A1128973","ea1d651f18c34e6fa36ee0f68962ecb9","openassessment+block","2018-06-10 00:44:04",0,"mod_access","server",NA,NA,NA,NA,NA
"course-v1:MITxPRO+AMxB+1T2018","A1128973","ea1d651f18c34e6fa36ee0f68962ecb9","openassessment+block","2018-06-10 00:44:04",0,"mod_access","server",NA,NA,NA,NA,NA
"course-v1:MITxPRO+AMxB+1T2018","A1128973","05800c2e685141ecb48fe59b499d84b6","html+block","2018-06-25 17:22:26",0.0666666666666667,"mod_access","server",NA,NA,NA,NA,NA
"course-v1:MITxPRO+AMxB+1T2018","A1128973","5982f524a99e420f8aeee7d90187dd55","video+block","2018-06-25 17:22:30",0.0833333333333333,"mod_access","server",NA,NA,NA,NA,NA
"course-v1:MITxPRO+AMxB+1T2018","A1128973","5bdb6e60ab5c477f9244243bacb6c984","html+block","2018-06-25 17:23:44",0,"edx.ui.lms.link_clicked","browser",NA,NA,NA,NA,NA
"course-v1:MITxPRO+AMxB+1T2018","A1128973","5bdb6e60ab5c477f9244243bacb6c984","html+block","2018-06-25 17:23:44",0,"mod_access","server",NA,NA,NA,NA,NA
