"course_id","user_id","mod_hex_id","module_type","time","period","event_type","event_source","problem_id","attempts","grade","max_grade","success"
"course-v1:MITxPRO+AMxB+1T2018","A1159756","401ee1f6f3684be7b6124490f34adc5a","html+block","2018-05-07 00:10:53",0,"mod_access","server",NA,NA,NA,NA,NA
"course-v1:MITxPRO+AMxB+1T2018","A1159756","401ee1f6f3684be7b6124490f34adc5a","html+block","2018-05-07 00:10:53",0.0833333333333333,"edx.ui.lms.link_clicked","browser",NA,NA,NA,NA,NA
"course-v1:MITxPRO+AMxB+1T2018","A1159756","401ee1f6f3684be7b6124490f34adc5a","html+block","2018-05-07 04:17:10",0,"mod_access","server",NA,NA,NA,NA,NA
"course-v1:MITxPRO+AMxB+1T2018","A1159756","401ee1f6f3684be7b6124490f34adc5a","html+block","2018-05-07 04:17:10",1.38333333333333,"edx.ui.lms.link_clicked","browser",NA,NA,NA,NA,NA
"course-v1:MITxPRO+AMxB+1T2018","A1159756","401ee1f6f3684be7b6124490f34adc5a","html+block","2018-05-07 04:18:33",0,"edx.ui.lms.sequence.next_selected","browser",NA,NA,NA,NA,NA
"course-v1:MITxPRO+AMxB+1T2018","A1159756","27bf430c96cb4d8da7368c4697de187b","html+block","2018-05-07 04:18:33",0.0166666666666667,"mod_access","server",NA,NA,NA,NA,NA
"course-v1:MITxPRO+AMxB+1T2018","A1159756","27bf430c96cb4d8da7368c4697de187b","html+block","2018-05-07 04:21:38",0.2,"seq_next","browser",NA,NA,NA,NA,NA
"course-v1:MITxPRO+AMxB+1T2018","A1159756","04d85100616943f8a3d2b084f403ba5f","html+block","2018-05-07 04:21:50",0,"mod_access","server",NA,NA,NA,NA,NA
"course-v1:MITxPRO+AMxB+1T2018","A1159756","27bf430c96cb4d8da7368c4697de187b","html+block","2018-05-07 04:21:50",0.0166666666666667,"edx.ui.lms.sequence.next_selected","browser",NA,NA,NA,NA,NA
"course-v1:MITxPRO+AMxB+1T2018","A1159756","04d85100616943f8a3d2b084f403ba5f","html+block","2018-05-07 04:21:56",0,"seq_next","browser",NA,NA,NA,NA,NA
"course-v1:MITxPRO+AMxB+1T2018","A1159756","d538c2a9c6004cc3b62a2514ff7d24f5","html+block","2018-05-07 04:21:56",0.0166666666666667,"mod_access","server",NA,NA,NA,NA,NA
"course-v1:MITxPRO+AMxB+1T2018","A1159756","ea676035d8d84252b7c2c117a74dfe5d","html+block","2018-05-07 04:22:33",0,"mod_access","server",NA,NA,NA,NA,NA
"course-v1:MITxPRO+AMxB+1T2018","A1159756","d538c2a9c6004cc3b62a2514ff7d24f5","html+block","2018-05-07 04:22:33",0,"seq_next","browser",NA,NA,NA,NA,NA
"course-v1:MITxPRO+AMxB+1T2018","A1159756","d538c2a9c6004cc3b62a2514ff7d24f5","html+block","2018-05-07 04:22:33",0.0166666666666667,"seq_next","browser",NA,NA,NA,NA,NA
"course-v1:MITxPRO+AMxB+1T2018","A1159756","ea676035d8d84252b7c2c117a74dfe5d","html+block","2018-05-07 04:22:34",0.0166666666666667,"mod_access","server",NA,NA,NA,NA,NA
"course-v1:MITxPRO+AMxB+1T2018","A1159756","27bf430c96cb4d8da7368c4697de187b","html+block","2018-05-07 04:22:35",0,"mod_access","server",NA,NA,NA,NA,NA
"course-v1:MITxPRO+AMxB+1T2018","A1159756","27bf430c96cb4d8da7368c4697de187b","html+block","2018-05-07 04:22:35",0.0166666666666667,"edx.ui.lms.link_clicked","browser",NA,NA,NA,NA,NA
"course-v1:MITxPRO+AMxB+1T2018","A1159756","9b9fc7fd30954d7d9ad7d8f8e1cc11d8","problem+block","2018-05-07 04:22:44",0,"problem_graded","browser",NA,NA,NA,NA,NA
"course-v1:MITxPRO+AMxB+1T2018","A1159756","9b9fc7fd30954d7d9ad7d8f8e1cc11d8","problem+block","2018-05-07 04:22:44",0.0333333333333333,"problem_check","server","block-v1:MITxPRO+AMxB+1T2018+type@problem+block@9b9fc7fd30954d7d9ad7d8f8e1cc11d8",1,1,1,"correct"
"course-v1:MITxPRO+AMxB+1T2018","A1159756","27bf430c96cb4d8da7368c4697de187b","html+block","2018-05-07 04:22:46",0,"edx.ui.lms.sequence.next_selected","browser",NA,NA,NA,NA,NA
"course-v1:MITxPRO+AMxB+1T2018","A1159756","04d85100616943f8a3d2b084f403ba5f","html+block","2018-05-07 04:22:46",0.0166666666666667,"mod_access","server",NA,NA,NA,NA,NA
"course-v1:MITxPRO+AMxB+1T2018","A1159756","27bf430c96cb4d8da7368c4697de187b","html+block","2018-05-07 04:22:57",0.266666666666667,"mod_access","server",NA,NA,NA,NA,NA
"course-v1:MITxPRO+AMxB+1T2018","A1159756","27bf430c96cb4d8da7368c4697de187b","html+block","2018-05-07 04:23:13",0,"edx.ui.lms.sequence.next_selected","browser",NA,NA,NA,NA,NA
"course-v1:MITxPRO+AMxB+1T2018","A1159756","04d85100616943f8a3d2b084f403ba5f","html+block","2018-05-07 04:23:13",0.0166666666666667,"mod_access","server",NA,NA,NA,NA,NA
"course-v1:MITxPRO+AMxB+1T2018","A1159756","d538c2a9c6004cc3b62a2514ff7d24f5","html+block","2018-05-07 04:23:21",0,"mod_access","server",NA,NA,NA,NA,NA
"course-v1:MITxPRO+AMxB+1T2018","A1159756","04d85100616943f8a3d2b084f403ba5f","html+block","2018-05-07 04:23:21",0,"edx.ui.lms.sequence.next_selected","browser",NA,NA,NA,NA,NA
"course-v1:MITxPRO+AMxB+1T2018","A1159756","d538c2a9c6004cc3b62a2514ff7d24f5","html+block","2018-05-07 04:24:56",0,"edx.ui.lms.sequence.next_selected","browser",NA,NA,NA,NA,NA
"course-v1:MITxPRO+AMxB+1T2018","A1159756","ea676035d8d84252b7c2c117a74dfe5d","html+block","2018-05-07 04:24:56",0.0166666666666667,"mod_access","server",NA,NA,NA,NA,NA
"course-v1:MITxPRO+AMxB+1T2018","A1159756","ea676035d8d84252b7c2c117a74dfe5d","html+block","2018-05-07 04:24:59",0.0333333333333333,"seq_next","browser",NA,NA,NA,NA,NA
"course-v1:MITxPRO+AMxB+1T2018","A1159756","fdccb644786547c5893474584cdfd58b","html+block","2018-05-07 04:25:01",2.1,"seq_prev","browser",NA,NA,NA,NA,NA
"course-v1:MITxPRO+AMxB+1T2018","A1159756","ea676035d8d84252b7c2c117a74dfe5d","html+block","2018-05-07 04:27:07",0.35,"seq_next","browser",NA,NA,NA,NA,NA
"course-v1:MITxPRO+AMxB+1T2018","A1159756","ea676035d8d84252b7c2c117a74dfe5d","html+block","2018-05-07 04:27:28",0,"edx.ui.lms.sequence.next_selected","browser",NA,NA,NA,NA,NA
"course-v1:MITxPRO+AMxB+1T2018","A1159756","53e13f644d1f4c73ba7f5bfd8020e71f","html+block","2018-05-07 04:27:28",0.0333333333333333,"mod_access","server",NA,NA,NA,NA,NA
"course-v1:MITxPRO+AMxB+1T2018","A1159756","2f6febb9f2514c06827aa6a4bfe1e69d","html+block","2018-05-07 04:31:20",0,"mod_access","server",NA,NA,NA,NA,NA
"course-v1:MITxPRO+AMxB+1T2018","A1159756","53e13f644d1f4c73ba7f5bfd8020e71f","html+block","2018-05-07 04:31:20",0.05,"edx.ui.lms.sequence.next_selected","browser",NA,NA,NA,NA,NA
"course-v1:MITxPRO+AMxB+1T2018","A1159756","2f6febb9f2514c06827aa6a4bfe1e69d","html+block","2018-05-07 04:31:31",0.133333333333333,"seq_next","browser",NA,NA,NA,NA,NA
"course-v1:MITxPRO+AMxB+1T2018","A1159756","a67e937f9f1941a9bb6052316e2f2fc4","html+block","2018-05-07 04:31:39",0.05,"seq_next","browser",NA,NA,NA,NA,NA
"course-v1:MITxPRO+AMxB+1T2018","A1159756","e42dc56d1f8d46ef902e3d38a93e0324","html+block","2018-05-07 04:31:42",0.1,"seq_next","browser",NA,NA,NA,NA,NA
"course-v1:MITxPRO+AMxB+1T2018","A1159756","2f6febb9f2514c06827aa6a4bfe1e69d","html+block","2018-05-07 04:31:48",0,"edx.ui.lms.sequence.next_selected","browser",NA,NA,NA,NA,NA
"course-v1:MITxPRO+AMxB+1T2018","A1159756","5bdb6e60ab5c477f9244243bacb6c984","html+block","2018-05-07 04:31:48",0.0166666666666667,"mod_access","server",NA,NA,NA,NA,NA
"course-v1:MITxPRO+AMxB+1T2018","A1159756","5bdb6e60ab5c477f9244243bacb6c984","html+block","2018-05-07 04:32:17",0.3,"seq_next","browser",NA,NA,NA,NA,NA
"course-v1:MITxPRO+AMxB+1T2018","A1159756","5bdb6e60ab5c477f9244243bacb6c984","html+block","2018-05-07 04:32:35",0,"edx.ui.lms.sequence.next_selected","browser",NA,NA,NA,NA,NA
"course-v1:MITxPRO+AMxB+1T2018","A1159756","20c18c18d1424607bd03030afc0dabc9","html+block","2018-05-07 04:32:35",0.15,"mod_access","server",NA,NA,NA,NA,NA
"course-v1:MITxPRO+AMxB+1T2018","A1159756","fe15037ed0db47ee8afde8f7847b94e6","html+block","2018-05-07 04:32:44",0,"mod_access","server",NA,NA,NA,NA,NA
"course-v1:MITxPRO+AMxB+1T2018","A1159756","20c18c18d1424607bd03030afc0dabc9","html+block","2018-05-07 04:32:44",0.0166666666666667,"edx.ui.lms.sequence.next_selected","browser",NA,NA,NA,NA,NA
"course-v1:MITxPRO+AMxB+1T2018","A1159756","fe15037ed0db47ee8afde8f7847b94e6","html+block","2018-05-07 04:32:48",0.0166666666666667,"seq_next","browser",NA,NA,NA,NA,NA
"course-v1:MITxPRO+AMxB+1T2018","A1159756","fe15037ed0db47ee8afde8f7847b94e6","html+block","2018-05-07 04:32:49",0.0166666666666667,"edx.ui.lms.sequence.next_selected","browser",NA,NA,NA,NA,NA
"course-v1:MITxPRO+AMxB+1T2018","A1159756","2c91f40c1d484adbbe41b43c1dd57fce","html+block","2018-05-07 04:32:50",0,"mod_access","server",NA,NA,NA,NA,NA
"course-v1:MITxPRO+AMxB+1T2018","A1159756","2c91f40c1d484adbbe41b43c1dd57fce","html+block","2018-05-07 04:32:52",0,"edx.ui.lms.sequence.next_selected","browser",NA,NA,NA,NA,NA
"course-v1:MITxPRO+AMxB+1T2018","A1159756","2060d250adb14c9eb7e7957c563678f0","html+block","2018-05-07 04:32:52",0.0166666666666667,"mod_access","server",NA,NA,NA,NA,NA
"course-v1:MITxPRO+AMxB+1T2018","A1159756","2060d250adb14c9eb7e7957c563678f0","html+block","2018-05-07 04:33:01",0.0166666666666667,"edx.ui.lms.sequence.next_selected","browser",NA,NA,NA,NA,NA
"course-v1:MITxPRO+AMxB+1T2018","A1159756","2bd1769f30ce460b8cf38f3b71207d38","html+block","2018-05-07 04:33:02",0,"mod_access","server",NA,NA,NA,NA,NA
"course-v1:MITxPRO+AMxB+1T2018","A1159756","2060d250adb14c9eb7e7957c563678f0","html+block","2018-05-07 04:33:02",0,"edx.ui.lms.sequence.next_selected","browser",NA,NA,NA,NA,NA
"course-v1:MITxPRO+AMxB+1T2018","A1159756","2bd1769f30ce460b8cf38f3b71207d38","html+block","2018-05-07 04:33:02",0.0166666666666667,"mod_access","server",NA,NA,NA,NA,NA
"course-v1:MITxPRO+AMxB+1T2018","A1159756","b18bcca1d2984ccca2bbab4c41e85de5","video+block","2018-05-07 04:33:04",0.2,"mod_access","server",NA,NA,NA,NA,NA
"course-v1:MITxPRO+AMxB+1T2018","A1159756","b18bcca1d2984ccca2bbab4c41e85de5","video+block","2018-05-07 04:33:16",1.36666666666667,"play_video","browser",NA,NA,NA,NA,NA
"course-v1:MITxPRO+AMxB+1T2018","A1159756","b18bcca1d2984ccca2bbab4c41e85de5","video+block","2018-05-07 04:34:49",4.2,"play_video","browser",NA,NA,NA,NA,NA
"course-v1:MITxPRO+AMxB+1T2018","A1159756","b18bcca1d2984ccca2bbab4c41e85de5","video+block","2018-05-07 04:42:44",0.05,"play_video","browser",NA,NA,NA,NA,NA
"course-v1:MITxPRO+AMxB+1T2018","A1159756","b18bcca1d2984ccca2bbab4c41e85de5","video+block","2018-05-07 04:42:47",0,"play_video","browser",NA,NA,NA,NA,NA
"course-v1:MITxPRO+AMxB+1T2018","A1159756","b18bcca1d2984ccca2bbab4c41e85de5","video+block","2018-05-07 04:42:54",0.0333333333333333,"play_video","browser",NA,NA,NA,NA,NA
"course-v1:MITxPRO+AMxB+1T2018","A1159756","b18bcca1d2984ccca2bbab4c41e85de5","video+block","2018-05-07 04:42:59",2.05,"play_video","browser",NA,NA,NA,NA,NA
"course-v1:MITxPRO+AMxB+1T2018","A1159756","b18bcca1d2984ccca2bbab4c41e85de5","video+block","2018-05-07 04:45:02",0.15,"play_video","browser",NA,NA,NA,NA,NA
"course-v1:MITxPRO+AMxB+1T2018","A1159756","3763b9f526ae44f2ac2ac49749c15661","html+block","2018-05-07 04:46:01",0,"mod_access","server",NA,NA,NA,NA,NA
"course-v1:MITxPRO+AMxB+1T2018","A1159756","2bd1769f30ce460b8cf38f3b71207d38","html+block","2018-05-07 04:46:01",0.0166666666666667,"edx.ui.lms.sequence.next_selected","browser",NA,NA,NA,NA,NA
"course-v1:MITxPRO+AMxB+1T2018","A1159756","b10ef23438f9466882d17e3f0abd0149","video+block","2018-05-07 04:46:03",0.0833333333333333,"mod_access","server",NA,NA,NA,NA,NA
"course-v1:MITxPRO+AMxB+1T2018","A1159756","b10ef23438f9466882d17e3f0abd0149","video+block","2018-05-07 04:46:08",0.116666666666667,"play_video","browser",NA,NA,NA,NA,NA
"course-v1:MITxPRO+AMxB+1T2018","A1159756","b10ef23438f9466882d17e3f0abd0149","video+block","2018-05-07 04:52:57",0.316666666666667,"play_video","browser",NA,NA,NA,NA,NA
"course-v1:MITxPRO+AMxB+1T2018","A1159756","b10ef23438f9466882d17e3f0abd0149","video+block","2018-05-07 04:53:23",2.61666666666667,"play_video","browser",NA,NA,NA,NA,NA
"course-v1:MITxPRO+AMxB+1T2018","A1159756","b10ef23438f9466882d17e3f0abd0149","video+block","2018-05-07 04:56:54",0.916666666666667,"play_video","browser",NA,NA,NA,NA,NA
"course-v1:MITxPRO+AMxB+1T2018","A1159756","a137964dcca34365ba31a7563531e07b","problem+block","2018-05-07 04:58:06",0,"problem_graded","browser",NA,NA,NA,NA,NA
"course-v1:MITxPRO+AMxB+1T2018","A1159756","a137964dcca34365ba31a7563531e07b","problem+block","2018-05-07 04:58:06",0.333333333333333,"problem_check","server","block-v1:MITxPRO+AMxB+1T2018+type@problem+block@a137964dcca34365ba31a7563531e07b",1,0,1,"incorrect"
"course-v1:MITxPRO+AMxB+1T2018","A1159756","a137964dcca34365ba31a7563531e07b","problem+block","2018-05-07 04:58:26",0,"problem_graded","browser",NA,NA,NA,NA,NA
"course-v1:MITxPRO+AMxB+1T2018","A1159756","a137964dcca34365ba31a7563531e07b","problem+block","2018-05-07 04:58:26",0.1,"problem_check","server","block-v1:MITxPRO+AMxB+1T2018+type@problem+block@a137964dcca34365ba31a7563531e07b",2,0,1,"incorrect"
"course-v1:MITxPRO+AMxB+1T2018","A1159756","a137964dcca34365ba31a7563531e07b","problem+block","2018-05-07 04:58:32",0.7,"problem_show","browser",NA,NA,NA,NA,NA
"course-v1:MITxPRO+AMxB+1T2018","A1159756","5fa68b182e974d6b82927d21dd4e4f9a","problem+block","2018-05-07 04:59:14",0,"problem_check","server","block-v1:MITxPRO+AMxB+1T2018+type@problem+block@5fa68b182e974d6b82927d21dd4e4f9a",1,1,1,"correct"
"course-v1:MITxPRO+AMxB+1T2018","A1159756","5fa68b182e974d6b82927d21dd4e4f9a","problem+block","2018-05-07 04:59:14",0.216666666666667,"problem_graded","browser",NA,NA,NA,NA,NA
"course-v1:MITxPRO+AMxB+1T2018","A1159756","b0a012fae6fe4eb0af63473d516476b7","problem+block","2018-05-07 04:59:27",0,"problem_check","server","block-v1:MITxPRO+AMxB+1T2018+type@problem+block@b0a012fae6fe4eb0af63473d516476b7",1,1,1,"correct"
"course-v1:MITxPRO+AMxB+1T2018","A1159756","b0a012fae6fe4eb0af63473d516476b7","problem+block","2018-05-07 04:59:27",0.2,"problem_graded","browser",NA,NA,NA,NA,NA
"course-v1:MITxPRO+AMxB+1T2018","A1159756","4be29d7cb0e4400887b4848365b47a4d","problem+block","2018-05-07 04:59:39",0,"problem_graded","browser",NA,NA,NA,NA,NA
"course-v1:MITxPRO+AMxB+1T2018","A1159756","4be29d7cb0e4400887b4848365b47a4d","problem+block","2018-05-07 04:59:39",0.216666666666667,"problem_check","server","block-v1:MITxPRO+AMxB+1T2018+type@problem+block@4be29d7cb0e4400887b4848365b47a4d",1,1,1,"correct"
"course-v1:MITxPRO+AMxB+1T2018","A1159756","8288c793632d4a81a50ef5e13bf8911c","problem+block","2018-05-07 04:59:52",0,"problem_check","server","block-v1:MITxPRO+AMxB+1T2018+type@problem+block@8288c793632d4a81a50ef5e13bf8911c",1,1,1,"correct"
"course-v1:MITxPRO+AMxB+1T2018","A1159756","8288c793632d4a81a50ef5e13bf8911c","problem+block","2018-05-07 04:59:52",0.0833333333333333,"problem_graded","browser",NA,NA,NA,NA,NA
"course-v1:MITxPRO+AMxB+1T2018","A1159756","083e170a98cc47909270dde338cffbff","problem+block","2018-05-07 04:59:57",0,"problem_graded","browser",NA,NA,NA,NA,NA
"course-v1:MITxPRO+AMxB+1T2018","A1159756","083e170a98cc47909270dde338cffbff","problem+block","2018-05-07 04:59:57",0.05,"problem_check","server","block-v1:MITxPRO+AMxB+1T2018+type@problem+block@083e170a98cc47909270dde338cffbff",1,1,1,"correct"
"course-v1:MITxPRO+AMxB+1T2018","A1159756","3763b9f526ae44f2ac2ac49749c15661","html+block","2018-05-07 05:00:00",0,"edx.ui.lms.sequence.next_selected","browser",NA,NA,NA,NA,NA
"course-v1:MITxPRO+AMxB+1T2018","A1159756","043d02d4e89541cdb2c73ca0d2eca377","html+block","2018-05-07 05:00:00",0.0333333333333333,"mod_access","server",NA,NA,NA,NA,NA
"course-v1:MITxPRO+AMxB+1T2018","A1159756","1ee01257a4174216a0bf6d64ad67decf","video+block","2018-05-07 05:00:03",0.133333333333333,"mod_access","server",NA,NA,NA,NA,NA
"course-v1:MITxPRO+AMxB+1T2018","A1159756","043d02d4e89541cdb2c73ca0d2eca377","html+block","2018-05-07 17:29:45",0.0333333333333333,"mod_access","server",NA,NA,NA,NA,NA
"course-v1:MITxPRO+AMxB+1T2018","A1159756","1ee01257a4174216a0bf6d64ad67decf","video+block","2018-05-07 17:29:47",37.2833333333333,"mod_access","server",NA,NA,NA,NA,NA
"course-v1:MITxPRO+AMxB+1T2018","A1159756","1ee01257a4174216a0bf6d64ad67decf","video+block","2018-05-07 18:07:04",0.133333333333333,"play_video","browser",NA,NA,NA,NA,NA
"course-v1:MITxPRO+AMxB+1T2018","A1159756","1ee01257a4174216a0bf6d64ad67decf","video+block","2018-05-07 18:07:51",0.533333333333333,"play_video","browser",NA,NA,NA,NA,NA
"course-v1:MITxPRO+AMxB+1T2018","A1159756","1ee01257a4174216a0bf6d64ad67decf","video+block","2018-05-07 18:08:47",0.266666666666667,"play_video","browser",NA,NA,NA,NA,NA
"course-v1:MITxPRO+AMxB+1T2018","A1159756","1ee01257a4174216a0bf6d64ad67decf","video+block","2018-05-07 18:12:28",0.216666666666667,"play_video","browser",NA,NA,NA,NA,NA
"course-v1:MITxPRO+AMxB+1T2018","A1159756","1ee01257a4174216a0bf6d64ad67decf","video+block","2018-05-07 18:12:41",0,"play_video","browser",NA,NA,NA,NA,NA
"course-v1:MITxPRO+AMxB+1T2018","A1159756","1ee01257a4174216a0bf6d64ad67decf","video+block","2018-05-07 18:19:46",0.683333333333333,"play_video","browser",NA,NA,NA,NA,NA
"course-v1:MITxPRO+AMxB+1T2018","A1159756","091e476b9c794d019c1660622a3a12f6","problem+block","2018-05-07 18:20:58",0,"problem_graded","browser",NA,NA,NA,NA,NA
"course-v1:MITxPRO+AMxB+1T2018","A1159756","091e476b9c794d019c1660622a3a12f6","problem+block","2018-05-07 18:20:58",0.4,"problem_check","server","block-v1:MITxPRO+AMxB+1T2018+type@problem+block@091e476b9c794d019c1660622a3a12f6",1,1,1,"correct"
"course-v1:MITxPRO+AMxB+1T2018","A1159756","d4f85f1570bf4ced82ef64cab4fa68f4","problem+block","2018-05-07 18:21:22",0,"problem_graded","browser",NA,NA,NA,NA,NA
"course-v1:MITxPRO+AMxB+1T2018","A1159756","d4f85f1570bf4ced82ef64cab4fa68f4","problem+block","2018-05-07 18:21:22",3.33333333333333,"problem_check","server","block-v1:MITxPRO+AMxB+1T2018+type@problem+block@d4f85f1570bf4ced82ef64cab4fa68f4",1,1,1,"correct"
"course-v1:MITxPRO+AMxB+1T2018","A1159756","ca856b87daac457ab8b54e03644f4264","problem+block","2018-05-07 18:24:42",0,"problem_graded","browser",NA,NA,NA,NA,NA
"course-v1:MITxPRO+AMxB+1T2018","A1159756","ca856b87daac457ab8b54e03644f4264","problem+block","2018-05-07 18:24:42",0.533333333333333,"problem_check","server","block-v1:MITxPRO+AMxB+1T2018+type@problem+block@ca856b87daac457ab8b54e03644f4264",1,0,1,"incorrect"
"course-v1:MITxPRO+AMxB+1T2018","A1159756","ca856b87daac457ab8b54e03644f4264","problem+block","2018-05-07 18:25:14",0,"problem_check","server","block-v1:MITxPRO+AMxB+1T2018+type@problem+block@ca856b87daac457ab8b54e03644f4264",2,1,1,"correct"
"course-v1:MITxPRO+AMxB+1T2018","A1159756","ca856b87daac457ab8b54e03644f4264","problem+block","2018-05-07 18:25:14",1.11666666666667,"problem_graded","browser",NA,NA,NA,NA,NA
"course-v1:MITxPRO+AMxB+1T2018","A1159756","f0d9ed3b227a456f85ef40f79f56e546","problem+block","2018-05-07 18:26:21",0.0166666666666667,"problem_check","server","block-v1:MITxPRO+AMxB+1T2018+type@problem+block@f0d9ed3b227a456f85ef40f79f56e546",1,0,1,"incorrect"
"course-v1:MITxPRO+AMxB+1T2018","A1159756","f0d9ed3b227a456f85ef40f79f56e546","problem+block","2018-05-07 18:26:22",0.316666666666667,"problem_graded","browser",NA,NA,NA,NA,NA
"course-v1:MITxPRO+AMxB+1T2018","A1159756","f0d9ed3b227a456f85ef40f79f56e546","problem+block","2018-05-07 18:26:41",0,"problem_graded","browser",NA,NA,NA,NA,NA
"course-v1:MITxPRO+AMxB+1T2018","A1159756","f0d9ed3b227a456f85ef40f79f56e546","problem+block","2018-05-07 18:26:41",0.366666666666667,"problem_check","server","block-v1:MITxPRO+AMxB+1T2018+type@problem+block@f0d9ed3b227a456f85ef40f79f56e546",2,1,1,"correct"
"course-v1:MITxPRO+AMxB+1T2018","A1159756","d59550403f9b49628189ff34f74d3b3d","problem+block","2018-05-07 18:27:03",0.0166666666666667,"problem_check","server","block-v1:MITxPRO+AMxB+1T2018+type@problem+block@d59550403f9b49628189ff34f74d3b3d",1,0,1,"incorrect"
"course-v1:MITxPRO+AMxB+1T2018","A1159756","d59550403f9b49628189ff34f74d3b3d","problem+block","2018-05-07 18:27:04",0.416666666666667,"problem_graded","browser",NA,NA,NA,NA,NA
"course-v1:MITxPRO+AMxB+1T2018","A1159756","d59550403f9b49628189ff34f74d3b3d","problem+block","2018-05-07 18:27:29",0,"problem_graded","browser",NA,NA,NA,NA,NA
"course-v1:MITxPRO+AMxB+1T2018","A1159756","d59550403f9b49628189ff34f74d3b3d","problem+block","2018-05-07 18:27:29",0.05,"problem_check","server","block-v1:MITxPRO+AMxB+1T2018+type@problem+block@d59550403f9b49628189ff34f74d3b3d",2,0,1,"incorrect"
"course-v1:MITxPRO+AMxB+1T2018","A1159756","d59550403f9b49628189ff34f74d3b3d","problem+block","2018-05-07 18:27:32",1.16666666666667,"problem_show","browser",NA,NA,NA,NA,NA
"course-v1:MITxPRO+AMxB+1T2018","A1159756","432e2e03af924d10b164b60c5fcb86a1","problem+block","2018-05-07 18:28:42",0,"problem_graded","browser",NA,NA,NA,NA,NA
"course-v1:MITxPRO+AMxB+1T2018","A1159756","432e2e03af924d10b164b60c5fcb86a1","problem+block","2018-05-07 18:28:42",0.0666666666666667,"problem_check","server","block-v1:MITxPRO+AMxB+1T2018+type@problem+block@432e2e03af924d10b164b60c5fcb86a1",1,1,1,"correct"
"course-v1:MITxPRO+AMxB+1T2018","A1159756","043d02d4e89541cdb2c73ca0d2eca377","html+block","2018-05-07 18:28:46",0,"edx.ui.lms.sequence.next_selected","browser",NA,NA,NA,NA,NA
"course-v1:MITxPRO+AMxB+1T2018","A1159756","5fe15241fc4840f1a7fb294182265c39","html+block","2018-05-07 18:28:46",0.0333333333333333,"mod_access","server",NA,NA,NA,NA,NA
"course-v1:MITxPRO+AMxB+1T2018","A1159756","f3cfda7ffa804facb0183da6497283a6","video+block","2018-05-07 18:28:49",1.73333333333333,"mod_access","server",NA,NA,NA,NA,NA
"course-v1:MITxPRO+AMxB+1T2018","A1159756","f3cfda7ffa804facb0183da6497283a6","video+block","2018-05-07 18:30:33",5.8,"play_video","browser",NA,NA,NA,NA,NA
"course-v1:MITxPRO+AMxB+1T2018","A1159756","043d02d4e89541cdb2c73ca0d2eca377","html+block","2018-05-07 18:38:55",0.0166666666666667,"mod_access","server",NA,NA,NA,NA,NA
"course-v1:MITxPRO+AMxB+1T2018","A1159756","1ee01257a4174216a0bf6d64ad67decf","video+block","2018-05-07 18:38:57",0.05,"mod_access","server",NA,NA,NA,NA,NA
"course-v1:MITxPRO+AMxB+1T2018","A1159756","043d02d4e89541cdb2c73ca0d2eca377","html+block","2018-05-07 18:39:00",0.0166666666666667,"edx.ui.lms.sequence.next_selected","browser",NA,NA,NA,NA,NA
"course-v1:MITxPRO+AMxB+1T2018","A1159756","5fe15241fc4840f1a7fb294182265c39","html+block","2018-05-07 18:39:01",0.0166666666666667,"mod_access","server",NA,NA,NA,NA,NA
"course-v1:MITxPRO+AMxB+1T2018","A1159756","f3cfda7ffa804facb0183da6497283a6","video+block","2018-05-07 18:39:03",0,"mod_access","server",NA,NA,NA,NA,NA
"course-v1:MITxPRO+AMxB+1T2018","A1159756","5fe15241fc4840f1a7fb294182265c39","html+block","2018-05-07 19:03:21",0.35,"seq_next","browser",NA,NA,NA,NA,NA
"course-v1:MITxPRO+AMxB+1T2018","A1159756","1afa468dc7ce4b91a590366c2a697707","html+block","2018-05-07 19:03:42",0.05,"seq_goto","browser",NA,NA,NA,NA,NA
"course-v1:MITxPRO+AMxB+1T2018","A1159756","1afa468dc7ce4b91a590366c2a697707","html+block","2018-05-07 19:03:45",0,"seq_goto","browser",NA,NA,NA,NA,NA
"course-v1:MITxPRO+AMxB+1T2018","A1159756","1afa468dc7ce4b91a590366c2a697707","html+block","2018-05-07 19:03:45",0.516666666666667,"seq_goto","browser",NA,NA,NA,NA,NA
"course-v1:MITxPRO+AMxB+1T2018","A1159756","2ad839c226ab44539d98e2a1e84e439f","html+block","2018-05-07 19:04:48",0,"mod_access","server",NA,NA,NA,NA,NA
"course-v1:MITxPRO+AMxB+1T2018","A1159756","c076a6e427c34d0c99c5bb95cbce05e5","html+block","2018-05-07 19:04:48",0.0166666666666667,"edx.ui.lms.link_clicked","browser",NA,NA,NA,NA,NA
"course-v1:MITxPRO+AMxB+1T2018","A1159756","19f5efdd71494972b03a02f445dc98fa","openassessment+block","2018-05-07 19:04:49",0,"mod_access","server",NA,NA,NA,NA,NA
"course-v1:MITxPRO+AMxB+1T2018","A1159756","19f5efdd71494972b03a02f445dc98fa","openassessment+block","2018-05-07 19:04:49",0,"mod_access","server",NA,NA,NA,NA,NA
"course-v1:MITxPRO+AMxB+1T2018","A1159756","19f5efdd71494972b03a02f445dc98fa","openassessment+block","2018-05-07 19:04:49",0,"mod_access","server",NA,NA,NA,NA,NA
"course-v1:MITxPRO+AMxB+1T2018","A1159756","19f5efdd71494972b03a02f445dc98fa","openassessment+block","2018-05-07 19:04:49",0,"mod_access","server",NA,NA,NA,NA,NA
"course-v1:MITxPRO+AMxB+1T2018","A1159756","19f5efdd71494972b03a02f445dc98fa","openassessment+block","2018-05-07 19:04:49",0,"mod_access","server",NA,NA,NA,NA,NA
"course-v1:MITxPRO+AMxB+1T2018","A1159756","19f5efdd71494972b03a02f445dc98fa","openassessment+block","2018-05-07 19:04:49",0,"mod_access","server",NA,NA,NA,NA,NA
"course-v1:MITxPRO+AMxB+1T2018","A1159756","19f5efdd71494972b03a02f445dc98fa","openassessment+block","2018-05-07 19:04:49",0,"mod_access","server",NA,NA,NA,NA,NA
"course-v1:MITxPRO+AMxB+1T2018","A1159756","19f5efdd71494972b03a02f445dc98fa","openassessment+block","2018-05-07 19:04:49",0,"mod_access","server",NA,NA,NA,NA,NA
"course-v1:MITxPRO+AMxB+1T2018","A1159756","2ad839c226ab44539d98e2a1e84e439f","html+block","2018-05-08 08:06:41",0.0333333333333333,"mod_access","server",NA,NA,NA,NA,NA
"course-v1:MITxPRO+AMxB+1T2018","A1159756","19f5efdd71494972b03a02f445dc98fa","openassessment+block","2018-05-08 08:06:43",0,"mod_access","server",NA,NA,NA,NA,NA
"course-v1:MITxPRO+AMxB+1T2018","A1159756","19f5efdd71494972b03a02f445dc98fa","openassessment+block","2018-05-08 08:06:43",0,"mod_access","server",NA,NA,NA,NA,NA
"course-v1:MITxPRO+AMxB+1T2018","A1159756","19f5efdd71494972b03a02f445dc98fa","openassessment+block","2018-05-08 08:06:43",0,"mod_access","server",NA,NA,NA,NA,NA
"course-v1:MITxPRO+AMxB+1T2018","A1159756","19f5efdd71494972b03a02f445dc98fa","openassessment+block","2018-05-08 08:06:43",0,"mod_access","server",NA,NA,NA,NA,NA
"course-v1:MITxPRO+AMxB+1T2018","A1159756","19f5efdd71494972b03a02f445dc98fa","openassessment+block","2018-05-08 08:06:43",0,"mod_access","server",NA,NA,NA,NA,NA
"course-v1:MITxPRO+AMxB+1T2018","A1159756","19f5efdd71494972b03a02f445dc98fa","openassessment+block","2018-05-08 08:06:43",0,"mod_access","server",NA,NA,NA,NA,NA
"course-v1:MITxPRO+AMxB+1T2018","A1159756","19f5efdd71494972b03a02f445dc98fa","openassessment+block","2018-05-08 08:06:43",0.0166666666666667,"mod_access","server",NA,NA,NA,NA,NA
"course-v1:MITxPRO+AMxB+1T2018","A1159756","19f5efdd71494972b03a02f445dc98fa","openassessment+block","2018-05-08 08:06:44",3.01666666666667,"mod_access","server",NA,NA,NA,NA,NA
"course-v1:MITxPRO+AMxB+1T2018","A1159756","2ad839c226ab44539d98e2a1e84e439f","html+block","2018-05-08 22:05:26",0.05,"mod_access","server",NA,NA,NA,NA,NA
"course-v1:MITxPRO+AMxB+1T2018","A1159756","19f5efdd71494972b03a02f445dc98fa","openassessment+block","2018-05-08 22:05:29",0,"mod_access","server",NA,NA,NA,NA,NA
"course-v1:MITxPRO+AMxB+1T2018","A1159756","19f5efdd71494972b03a02f445dc98fa","openassessment+block","2018-05-08 22:05:29",0,"mod_access","server",NA,NA,NA,NA,NA
"course-v1:MITxPRO+AMxB+1T2018","A1159756","19f5efdd71494972b03a02f445dc98fa","openassessment+block","2018-05-08 22:05:29",0,"mod_access","server",NA,NA,NA,NA,NA
"course-v1:MITxPRO+AMxB+1T2018","A1159756","19f5efdd71494972b03a02f445dc98fa","openassessment+block","2018-05-08 22:05:29",0,"mod_access","server",NA,NA,NA,NA,NA
"course-v1:MITxPRO+AMxB+1T2018","A1159756","19f5efdd71494972b03a02f445dc98fa","openassessment+block","2018-05-08 22:05:29",0,"mod_access","server",NA,NA,NA,NA,NA
"course-v1:MITxPRO+AMxB+1T2018","A1159756","19f5efdd71494972b03a02f445dc98fa","openassessment+block","2018-05-08 22:05:29",0,"mod_access","server",NA,NA,NA,NA,NA
"course-v1:MITxPRO+AMxB+1T2018","A1159756","19f5efdd71494972b03a02f445dc98fa","openassessment+block","2018-05-08 22:05:29",0,"mod_access","server",NA,NA,NA,NA,NA
"course-v1:MITxPRO+AMxB+1T2018","A1159756","19f5efdd71494972b03a02f445dc98fa","openassessment+block","2018-05-08 22:05:29",8.9,"mod_access","server",NA,NA,NA,NA,NA
