"course_id","user_id","mod_hex_id","module_type","time","period","event_type","event_source","problem_id","attempts","grade","max_grade","success"
"course-v1:MITxPRO+AMxB+1T2018","A1195730","401ee1f6f3684be7b6124490f34adc5a","html+block","2018-04-30 19:12:31",2.01666666666667,"mod_access","server",NA,NA,NA,NA,NA
"course-v1:MITxPRO+AMxB+1T2018","A1195730","401ee1f6f3684be7b6124490f34adc5a","html+block","2018-04-30 19:14:32",0.0333333333333333,"seq_goto","browser",NA,NA,NA,NA,NA
"course-v1:MITxPRO+AMxB+1T2018","A1195730","401ee1f6f3684be7b6124490f34adc5a","html+block","2018-04-30 19:14:34",0.05,"seq_goto","browser",NA,NA,NA,NA,NA
"course-v1:MITxPRO+AMxB+1T2018","A1195730","401ee1f6f3684be7b6124490f34adc5a","html+block","2018-04-30 19:14:37",0.0333333333333333,"edx.ui.lms.link_clicked","browser",NA,NA,NA,NA,NA
"course-v1:MITxPRO+AMxB+1T2018","A1195730","401ee1f6f3684be7b6124490f34adc5a","html+block","2018-04-30 19:14:44",0,"edx.ui.lms.link_clicked","browser",NA,NA,NA,NA,NA
"course-v1:MITxPRO+AMxB+1T2018","A1195730","401ee1f6f3684be7b6124490f34adc5a","html+block","2018-04-30 19:14:44",0.166666666666667,"mod_access","server",NA,NA,NA,NA,NA
"course-v1:MITxPRO+AMxB+1T2018","A1195730","401ee1f6f3684be7b6124490f34adc5a","html+block","2018-04-30 19:14:54",0.0166666666666667,"edx.ui.lms.sequence.next_selected","browser",NA,NA,NA,NA,NA
"course-v1:MITxPRO+AMxB+1T2018","A1195730","27bf430c96cb4d8da7368c4697de187b","html+block","2018-04-30 19:14:55",0.0166666666666667,"mod_access","server",NA,NA,NA,NA,NA
"course-v1:MITxPRO+AMxB+1T2018","A1195730","27bf430c96cb4d8da7368c4697de187b","html+block","2018-04-30 19:22:55",0.316666666666667,"seq_next","browser",NA,NA,NA,NA,NA
"course-v1:MITxPRO+AMxB+1T2018","A1195730","9b9fc7fd30954d7d9ad7d8f8e1cc11d8","problem+block","2018-04-30 19:23:14",0,"problem_graded","browser",NA,NA,NA,NA,NA
"course-v1:MITxPRO+AMxB+1T2018","A1195730","9b9fc7fd30954d7d9ad7d8f8e1cc11d8","problem+block","2018-04-30 19:23:14",0.0333333333333333,"problem_check","server","block-v1:MITxPRO+AMxB+1T2018+type@problem+block@9b9fc7fd30954d7d9ad7d8f8e1cc11d8",1,1,1,"correct"
"course-v1:MITxPRO+AMxB+1T2018","A1195730","27bf430c96cb4d8da7368c4697de187b","html+block","2018-04-30 19:23:16",0.0166666666666667,"edx.ui.lms.sequence.next_selected","browser",NA,NA,NA,NA,NA
"course-v1:MITxPRO+AMxB+1T2018","A1195730","04d85100616943f8a3d2b084f403ba5f","html+block","2018-04-30 19:23:17",0.0166666666666667,"mod_access","server",NA,NA,NA,NA,NA
"course-v1:MITxPRO+AMxB+1T2018","A1195730","d538c2a9c6004cc3b62a2514ff7d24f5","html+block","2018-04-30 19:24:55",0,"mod_access","server",NA,NA,NA,NA,NA
"course-v1:MITxPRO+AMxB+1T2018","A1195730","04d85100616943f8a3d2b084f403ba5f","html+block","2018-04-30 19:24:55",0.0166666666666667,"edx.ui.lms.sequence.next_selected","browser",NA,NA,NA,NA,NA
"course-v1:MITxPRO+AMxB+1T2018","A1195730","ea676035d8d84252b7c2c117a74dfe5d","html+block","2018-04-30 19:29:58",0,"mod_access","server",NA,NA,NA,NA,NA
"course-v1:MITxPRO+AMxB+1T2018","A1195730","d538c2a9c6004cc3b62a2514ff7d24f5","html+block","2018-04-30 19:29:58",0.0166666666666667,"edx.ui.lms.sequence.next_selected","browser",NA,NA,NA,NA,NA
"course-v1:MITxPRO+AMxB+1T2018","A1195730","ea676035d8d84252b7c2c117a74dfe5d","html+block","2018-04-30 19:41:19",2.76666666666667,"seq_next","browser",NA,NA,NA,NA,NA
"course-v1:MITxPRO+AMxB+1T2018","A1195730","53e13f644d1f4c73ba7f5bfd8020e71f","html+block","2018-04-30 19:44:05",0,"mod_access","server",NA,NA,NA,NA,NA
"course-v1:MITxPRO+AMxB+1T2018","A1195730","ea676035d8d84252b7c2c117a74dfe5d","html+block","2018-04-30 19:44:05",0.0166666666666667,"edx.ui.lms.sequence.next_selected","browser",NA,NA,NA,NA,NA
"course-v1:MITxPRO+AMxB+1T2018","A1195730","2f6febb9f2514c06827aa6a4bfe1e69d","html+block","2018-04-30 19:50:02",0,"mod_access","server",NA,NA,NA,NA,NA
"course-v1:MITxPRO+AMxB+1T2018","A1195730","53e13f644d1f4c73ba7f5bfd8020e71f","html+block","2018-04-30 19:50:02",0.05,"edx.ui.lms.sequence.next_selected","browser",NA,NA,NA,NA,NA
"course-v1:MITxPRO+AMxB+1T2018","A1195730","c076a6e427c34d0c99c5bb95cbce05e5","html+block","2018-05-02 21:51:38",0.0166666666666667,"edx.ui.lms.link_clicked","browser",NA,NA,NA,NA,NA
"course-v1:MITxPRO+AMxB+1T2018","A1195730","2ad839c226ab44539d98e2a1e84e439f","html+block","2018-05-02 21:51:39",0.05,"mod_access","server",NA,NA,NA,NA,NA
"course-v1:MITxPRO+AMxB+1T2018","A1195730","19f5efdd71494972b03a02f445dc98fa","openassessment+block","2018-05-02 21:51:42",0,"mod_access","server",NA,NA,NA,NA,NA
"course-v1:MITxPRO+AMxB+1T2018","A1195730","19f5efdd71494972b03a02f445dc98fa","openassessment+block","2018-05-02 21:51:42",0,"mod_access","server",NA,NA,NA,NA,NA
"course-v1:MITxPRO+AMxB+1T2018","A1195730","19f5efdd71494972b03a02f445dc98fa","openassessment+block","2018-05-02 21:51:42",0,"mod_access","server",NA,NA,NA,NA,NA
"course-v1:MITxPRO+AMxB+1T2018","A1195730","19f5efdd71494972b03a02f445dc98fa","openassessment+block","2018-05-02 21:51:42",0,"mod_access","server",NA,NA,NA,NA,NA
"course-v1:MITxPRO+AMxB+1T2018","A1195730","19f5efdd71494972b03a02f445dc98fa","openassessment+block","2018-05-02 21:51:42",0,"mod_access","server",NA,NA,NA,NA,NA
"course-v1:MITxPRO+AMxB+1T2018","A1195730","19f5efdd71494972b03a02f445dc98fa","openassessment+block","2018-05-02 21:51:42",0,"mod_access","server",NA,NA,NA,NA,NA
"course-v1:MITxPRO+AMxB+1T2018","A1195730","19f5efdd71494972b03a02f445dc98fa","openassessment+block","2018-05-02 21:51:42",0,"mod_access","server",NA,NA,NA,NA,NA
"course-v1:MITxPRO+AMxB+1T2018","A1195730","19f5efdd71494972b03a02f445dc98fa","openassessment+block","2018-05-02 21:51:42",1.26666666666667,"mod_access","server",NA,NA,NA,NA,NA
"course-v1:MITxPRO+AMxB+1T2018","A1195730","b18bcca1d2984ccca2bbab4c41e85de5","video+block","2018-05-05 17:00:37",0,"mod_access","server",NA,NA,NA,NA,NA
"course-v1:MITxPRO+AMxB+1T2018","A1195730","b10ef23438f9466882d17e3f0abd0149","video+block","2018-05-05 17:07:54",5.53333333333333,"mod_access","server",NA,NA,NA,NA,NA
"course-v1:MITxPRO+AMxB+1T2018","A1195730","a137964dcca34365ba31a7563531e07b","problem+block","2018-05-05 17:13:26",0.116666666666667,"problem_check","server","block-v1:MITxPRO+AMxB+1T2018+type@problem+block@a137964dcca34365ba31a7563531e07b",1,0,1,"incorrect"
"course-v1:MITxPRO+AMxB+1T2018","A1195730","a137964dcca34365ba31a7563531e07b","problem+block","2018-05-05 17:13:33",0.983333333333333,"problem_check","server","block-v1:MITxPRO+AMxB+1T2018+type@problem+block@a137964dcca34365ba31a7563531e07b",2,1,1,"correct"
"course-v1:MITxPRO+AMxB+1T2018","A1195730","5fa68b182e974d6b82927d21dd4e4f9a","problem+block","2018-05-05 17:14:32",0.433333333333333,"problem_check","server","block-v1:MITxPRO+AMxB+1T2018+type@problem+block@5fa68b182e974d6b82927d21dd4e4f9a",1,1,1,"correct"
"course-v1:MITxPRO+AMxB+1T2018","A1195730","b0a012fae6fe4eb0af63473d516476b7","problem+block","2018-05-05 17:14:58",1.46666666666667,"problem_check","server","block-v1:MITxPRO+AMxB+1T2018+type@problem+block@b0a012fae6fe4eb0af63473d516476b7",1,1,1,"correct"
"course-v1:MITxPRO+AMxB+1T2018","A1195730","4be29d7cb0e4400887b4848365b47a4d","problem+block","2018-05-05 17:16:26",0.15,"problem_check","server","block-v1:MITxPRO+AMxB+1T2018+type@problem+block@4be29d7cb0e4400887b4848365b47a4d",1,1,1,"correct"
"course-v1:MITxPRO+AMxB+1T2018","A1195730","8288c793632d4a81a50ef5e13bf8911c","problem+block","2018-05-05 17:16:35",0.15,"problem_check","server","block-v1:MITxPRO+AMxB+1T2018+type@problem+block@8288c793632d4a81a50ef5e13bf8911c",1,1,1,"correct"
"course-v1:MITxPRO+AMxB+1T2018","A1195730","083e170a98cc47909270dde338cffbff","problem+block","2018-05-05 17:16:44",0.216666666666667,"problem_check","server","block-v1:MITxPRO+AMxB+1T2018+type@problem+block@083e170a98cc47909270dde338cffbff",1,1,1,"correct"
"course-v1:MITxPRO+AMxB+1T2018","A1195730","1ee01257a4174216a0bf6d64ad67decf","video+block","2018-05-05 17:16:57",0,"mod_access","server",NA,NA,NA,NA,NA
"course-v1:MITxPRO+AMxB+1T2018","A1195730","091e476b9c794d019c1660622a3a12f6","problem+block","2018-05-05 17:25:31",0.5,"problem_check","server","block-v1:MITxPRO+AMxB+1T2018+type@problem+block@091e476b9c794d019c1660622a3a12f6",1,1,1,"correct"
"course-v1:MITxPRO+AMxB+1T2018","A1195730","d4f85f1570bf4ced82ef64cab4fa68f4","problem+block","2018-05-05 17:26:01",3.13333333333333,"problem_check","server","block-v1:MITxPRO+AMxB+1T2018+type@problem+block@d4f85f1570bf4ced82ef64cab4fa68f4",1,1,1,"correct"
"course-v1:MITxPRO+AMxB+1T2018","A1195730","ca856b87daac457ab8b54e03644f4264","problem+block","2018-05-05 17:29:09",0.783333333333333,"problem_check","server","block-v1:MITxPRO+AMxB+1T2018+type@problem+block@ca856b87daac457ab8b54e03644f4264",1,1,1,"correct"
"course-v1:MITxPRO+AMxB+1T2018","A1195730","f0d9ed3b227a456f85ef40f79f56e546","problem+block","2018-05-05 17:29:56",0.416666666666667,"problem_check","server","block-v1:MITxPRO+AMxB+1T2018+type@problem+block@f0d9ed3b227a456f85ef40f79f56e546",1,0,1,"incorrect"
"course-v1:MITxPRO+AMxB+1T2018","A1195730","f0d9ed3b227a456f85ef40f79f56e546","problem+block","2018-05-05 17:30:21",0.366666666666667,"problem_check","server","block-v1:MITxPRO+AMxB+1T2018+type@problem+block@f0d9ed3b227a456f85ef40f79f56e546",2,1,1,"correct"
"course-v1:MITxPRO+AMxB+1T2018","A1195730","d59550403f9b49628189ff34f74d3b3d","problem+block","2018-05-05 17:30:43",0.816666666666667,"problem_check","server","block-v1:MITxPRO+AMxB+1T2018+type@problem+block@d59550403f9b49628189ff34f74d3b3d",1,0,1,"incorrect"
"course-v1:MITxPRO+AMxB+1T2018","A1195730","d59550403f9b49628189ff34f74d3b3d","problem+block","2018-05-05 17:31:32",1.58333333333333,"problem_check","server","block-v1:MITxPRO+AMxB+1T2018+type@problem+block@d59550403f9b49628189ff34f74d3b3d",2,0,1,"incorrect"
"course-v1:MITxPRO+AMxB+1T2018","A1195730","432e2e03af924d10b164b60c5fcb86a1","problem+block","2018-05-05 17:33:07",0.316666666666667,"problem_check","server","block-v1:MITxPRO+AMxB+1T2018+type@problem+block@432e2e03af924d10b164b60c5fcb86a1",1,0,1,"incorrect"
"course-v1:MITxPRO+AMxB+1T2018","A1195730","432e2e03af924d10b164b60c5fcb86a1","problem+block","2018-05-05 17:33:26",0.616666666666667,"problem_check","server","block-v1:MITxPRO+AMxB+1T2018+type@problem+block@432e2e03af924d10b164b60c5fcb86a1",2,1,1,"correct"
"course-v1:MITxPRO+AMxB+1T2018","A1195730","f3cfda7ffa804facb0183da6497283a6","video+block","2018-05-11 16:48:12",0,"mod_access","server",NA,NA,NA,NA,NA
"course-v1:MITxPRO+AMxB+1T2018","A1195730","043d02d4e89541cdb2c73ca0d2eca377","html+block","2018-05-11 18:22:23",0.0666666666666667,"mod_access","server",NA,NA,NA,NA,NA
"course-v1:MITxPRO+AMxB+1T2018","A1195730","1ee01257a4174216a0bf6d64ad67decf","video+block","2018-05-11 18:22:27",0.0666666666666667,"mod_access","server",NA,NA,NA,NA,NA
"course-v1:MITxPRO+AMxB+1T2018","A1195730","043d02d4e89541cdb2c73ca0d2eca377","html+block","2018-05-11 18:22:47",0,"mod_access","server",NA,NA,NA,NA,NA
"course-v1:MITxPRO+AMxB+1T2018","A1195730","432e2e03af924d10b164b60c5fcb86a1","problem+block","2018-05-11 18:22:47",0,"edx.course.home.resume_course.clicked","browser",NA,NA,NA,NA,NA
"course-v1:MITxPRO+AMxB+1T2018","A1195730","432e2e03af924d10b164b60c5fcb86a1","problem+block","2018-05-11 18:22:47",0.0666666666666667,"edx.ui.lms.link_clicked","browser",NA,NA,NA,NA,NA
"course-v1:MITxPRO+AMxB+1T2018","A1195730","1ee01257a4174216a0bf6d64ad67decf","video+block","2018-05-11 18:22:51",0.383333333333333,"mod_access","server",NA,NA,NA,NA,NA
"course-v1:MITxPRO+AMxB+1T2018","A1195730","5fe15241fc4840f1a7fb294182265c39","html+block","2018-05-11 18:23:14",0,"mod_access","server",NA,NA,NA,NA,NA
"course-v1:MITxPRO+AMxB+1T2018","A1195730","043d02d4e89541cdb2c73ca0d2eca377","html+block","2018-05-11 18:23:14",0.0333333333333333,"edx.ui.lms.sequence.next_selected","browser",NA,NA,NA,NA,NA
"course-v1:MITxPRO+AMxB+1T2018","A1195730","f3cfda7ffa804facb0183da6497283a6","video+block","2018-05-11 18:23:18",0,"mod_access","server",NA,NA,NA,NA,NA
"course-v1:MITxPRO+AMxB+1T2018","A1195730","043d02d4e89541cdb2c73ca0d2eca377","html+block","2018-05-11 18:27:25",0.0166666666666667,"mod_access","server",NA,NA,NA,NA,NA
"course-v1:MITxPRO+AMxB+1T2018","A1195730","1ee01257a4174216a0bf6d64ad67decf","video+block","2018-05-11 18:27:28",0.15,"mod_access","server",NA,NA,NA,NA,NA
"course-v1:MITxPRO+AMxB+1T2018","A1195730","b30f0577ae11446a85aff7721bcfcf2f","problem+block","2018-05-11 18:56:03",2,"problem_check","server","block-v1:MITxPRO+AMxB+1T2018+type@problem+block@b30f0577ae11446a85aff7721bcfcf2f",1,1,1,"correct"
"course-v1:MITxPRO+AMxB+1T2018","A1195730","1a4bb735ff0049dba3a0633edf68276a","problem+block","2018-05-11 18:58:03",0.366666666666667,"problem_check","server","block-v1:MITxPRO+AMxB+1T2018+type@problem+block@1a4bb735ff0049dba3a0633edf68276a",1,0,1,"incorrect"
"course-v1:MITxPRO+AMxB+1T2018","A1195730","7228edcdafd748a8ba059ace1ec6a202","problem+block","2018-05-11 18:58:25",0.05,"problem_check","server","block-v1:MITxPRO+AMxB+1T2018+type@problem+block@7228edcdafd748a8ba059ace1ec6a202",1,1,1,"correct"
"course-v1:MITxPRO+AMxB+1T2018","A1195730","c69e8c4f31b84da1819bfbd83719e7d2","problem+block","2018-05-12 04:10:00",0.1,"problem_check","server","block-v1:MITxPRO+AMxB+1T2018+type@problem+block@c69e8c4f31b84da1819bfbd83719e7d2",1,0,1,"incorrect"
"course-v1:MITxPRO+AMxB+1T2018","A1195730","c69e8c4f31b84da1819bfbd83719e7d2","problem+block","2018-05-12 04:10:06",1.76666666666667,"problem_check","server","block-v1:MITxPRO+AMxB+1T2018+type@problem+block@c69e8c4f31b84da1819bfbd83719e7d2",2,0,1,"incorrect"
"course-v1:MITxPRO+AMxB+1T2018","A1195730","b6a4f407524b40eeb08d984b32836876","problem+block","2018-05-12 04:11:52",4.1,"problem_check","server","block-v1:MITxPRO+AMxB+1T2018+type@problem+block@b6a4f407524b40eeb08d984b32836876",1,1,1,"correct"
"course-v1:MITxPRO+AMxB+1T2018","A1195730","83df58e45bca4a728eb3dcb87532e1a1","problem+block","2018-05-12 04:15:58",0.0666666666666667,"problem_check","server","block-v1:MITxPRO+AMxB+1T2018+type@problem+block@83df58e45bca4a728eb3dcb87532e1a1",1,0,1,"incorrect"
"course-v1:MITxPRO+AMxB+1T2018","A1195730","83df58e45bca4a728eb3dcb87532e1a1","problem+block","2018-05-12 04:16:02",2.41666666666667,"problem_check","server","block-v1:MITxPRO+AMxB+1T2018+type@problem+block@83df58e45bca4a728eb3dcb87532e1a1",2,0,1,"incorrect"
"course-v1:MITxPRO+AMxB+1T2018","A1195730","fc68686f026f4a1c8b21f5339ac0044c","video+block","2018-05-12 04:18:27",2.76666666666667,"mod_access","server",NA,NA,NA,NA,NA
"course-v1:MITxPRO+AMxB+1T2018","A1195730","2afff631870d43df9cf42c91ff1c375f","problem+block","2018-05-12 04:26:34",0.4,"problem_check","server","block-v1:MITxPRO+AMxB+1T2018+type@problem+block@2afff631870d43df9cf42c91ff1c375f",1,1,1,"correct"
"course-v1:MITxPRO+AMxB+1T2018","A1195730","25a120914939487ab01f3e320cb238f4","problem+block","2018-05-12 04:26:58",0.35,"problem_check","server","block-v1:MITxPRO+AMxB+1T2018+type@problem+block@25a120914939487ab01f3e320cb238f4",1,1,1,"correct"
"course-v1:MITxPRO+AMxB+1T2018","A1195730","a8413f2779a14150bf1c83e9f5ea447c","problem+block","2018-05-12 04:27:19",0.216666666666667,"problem_check","server","block-v1:MITxPRO+AMxB+1T2018+type@problem+block@a8413f2779a14150bf1c83e9f5ea447c",1,1,1,"correct"
"course-v1:MITxPRO+AMxB+1T2018","A1195730","53b450f515af46c3b1eb571ec6d1fd4c","problem+block","2018-05-12 04:27:32",0.2,"problem_check","server","block-v1:MITxPRO+AMxB+1T2018+type@problem+block@53b450f515af46c3b1eb571ec6d1fd4c",1,1,1,"correct"
"course-v1:MITxPRO+AMxB+1T2018","A1195730","905f0cf9e2374c818bf1263e9d7e2c00","problem+block","2018-05-12 04:27:44",0.316666666666667,"problem_check","server","block-v1:MITxPRO+AMxB+1T2018+type@problem+block@905f0cf9e2374c818bf1263e9d7e2c00",1,1,1,"correct"
"course-v1:MITxPRO+AMxB+1T2018","A1195730","d5d74cf927094b04951635356b2c61a0","video+block","2018-05-12 04:28:04",11.3833333333333,"mod_access","server",NA,NA,NA,NA,NA
"course-v1:MITxPRO+AMxB+1T2018","A1195730","c9b70711831043beafffd7e1f034a339","problem+block","2018-05-12 04:41:58",0.0666666666666667,"problem_check","server","block-v1:MITxPRO+AMxB+1T2018+type@problem+block@c9b70711831043beafffd7e1f034a339",1,1,1,"correct"
"course-v1:MITxPRO+AMxB+1T2018","A1195730","c9b70711831043beafffd7e1f034a339","problem+block","2018-05-12 04:42:02",4.85,"problem_check","server","block-v1:MITxPRO+AMxB+1T2018+type@problem+block@c9b70711831043beafffd7e1f034a339",2,1,1,"correct"
"course-v1:MITxPRO+AMxB+1T2018","A1195730","6dfd127f3e874ed3912d3372db0b3d35","problem+block","2018-05-12 04:46:53",0.166666666666667,"problem_check","server","block-v1:MITxPRO+AMxB+1T2018+type@problem+block@6dfd127f3e874ed3912d3372db0b3d35",1,0,1,"incorrect"
"course-v1:MITxPRO+AMxB+1T2018","A1195730","6dfd127f3e874ed3912d3372db0b3d35","problem+block","2018-05-12 04:47:03",0.65,"problem_check","server","block-v1:MITxPRO+AMxB+1T2018+type@problem+block@6dfd127f3e874ed3912d3372db0b3d35",2,1,1,"correct"
"course-v1:MITxPRO+AMxB+1T2018","A1195730","75e15653e2d84fcd84a2b1b2c0949dd0","problem+block","2018-05-12 04:47:42",4.4,"problem_check","server","block-v1:MITxPRO+AMxB+1T2018+type@problem+block@75e15653e2d84fcd84a2b1b2c0949dd0",1,1,1,"correct"
"course-v1:MITxPRO+AMxB+1T2018","A1195730","c4cb65c90b7145dca401224eabfa1241","video+block","2018-05-12 04:52:06",0,"mod_access","server",NA,NA,NA,NA,NA
"course-v1:MITxPRO+AMxB+1T2018","A1195730","638d08a4940d462481093ee144f85401","video+block","2018-05-12 04:56:58",0,"mod_access","server",NA,NA,NA,NA,NA
"course-v1:MITxPRO+AMxB+1T2018","A1195730","8b1109f1bac740fc8974fb4eca386560","html+block","2018-05-12 19:20:20",0.0666666666666667,"mod_access","server",NA,NA,NA,NA,NA
"course-v1:MITxPRO+AMxB+1T2018","A1195730","d5d74cf927094b04951635356b2c61a0","video+block","2018-05-12 19:20:24",0.0666666666666667,"mod_access","server",NA,NA,NA,NA,NA
"course-v1:MITxPRO+AMxB+1T2018","A1195730","2ad839c226ab44539d98e2a1e84e439f","html+block","2018-05-12 19:20:45",0,"mod_access","server",NA,NA,NA,NA,NA
"course-v1:MITxPRO+AMxB+1T2018","A1195730","c076a6e427c34d0c99c5bb95cbce05e5","html+block","2018-05-12 19:20:45",0.05,"edx.ui.lms.link_clicked","browser",NA,NA,NA,NA,NA
"course-v1:MITxPRO+AMxB+1T2018","A1195730","19f5efdd71494972b03a02f445dc98fa","openassessment+block","2018-05-12 19:20:48",0,"mod_access","server",NA,NA,NA,NA,NA
"course-v1:MITxPRO+AMxB+1T2018","A1195730","19f5efdd71494972b03a02f445dc98fa","openassessment+block","2018-05-12 19:20:48",0,"mod_access","server",NA,NA,NA,NA,NA
"course-v1:MITxPRO+AMxB+1T2018","A1195730","19f5efdd71494972b03a02f445dc98fa","openassessment+block","2018-05-12 19:20:48",0,"mod_access","server",NA,NA,NA,NA,NA
"course-v1:MITxPRO+AMxB+1T2018","A1195730","19f5efdd71494972b03a02f445dc98fa","openassessment+block","2018-05-12 19:20:48",0,"mod_access","server",NA,NA,NA,NA,NA
"course-v1:MITxPRO+AMxB+1T2018","A1195730","19f5efdd71494972b03a02f445dc98fa","openassessment+block","2018-05-12 19:20:48",0,"mod_access","server",NA,NA,NA,NA,NA
"course-v1:MITxPRO+AMxB+1T2018","A1195730","19f5efdd71494972b03a02f445dc98fa","openassessment+block","2018-05-12 19:20:48",0,"mod_access","server",NA,NA,NA,NA,NA
"course-v1:MITxPRO+AMxB+1T2018","A1195730","19f5efdd71494972b03a02f445dc98fa","openassessment+block","2018-05-12 19:20:48",0,"mod_access","server",NA,NA,NA,NA,NA
"course-v1:MITxPRO+AMxB+1T2018","A1195730","19f5efdd71494972b03a02f445dc98fa","openassessment+block","2018-05-12 19:20:48",2.6,"mod_access","server",NA,NA,NA,NA,NA
"course-v1:MITxPRO+AMxB+1T2018","A1195730","c076a6e427c34d0c99c5bb95cbce05e5","html+block","2018-05-12 19:23:24",0.2,"seq_prev","browser",NA,NA,NA,NA,NA
"course-v1:MITxPRO+AMxB+1T2018","A1195730","2ad839c226ab44539d98e2a1e84e439f","html+block","2018-05-12 20:39:15",0,"seq_next","browser",NA,NA,NA,NA,NA
"course-v1:MITxPRO+AMxB+1T2018","A1195730","19f5efdd71494972b03a02f445dc98fa","openassessment+block","2018-05-12 20:39:15",0,"mod_access","server",NA,NA,NA,NA,NA
"course-v1:MITxPRO+AMxB+1T2018","A1195730","19f5efdd71494972b03a02f445dc98fa","openassessment+block","2018-05-12 20:39:15",0,"mod_access","server",NA,NA,NA,NA,NA
"course-v1:MITxPRO+AMxB+1T2018","A1195730","19f5efdd71494972b03a02f445dc98fa","openassessment+block","2018-05-12 20:39:15",0,"mod_access","server",NA,NA,NA,NA,NA
"course-v1:MITxPRO+AMxB+1T2018","A1195730","19f5efdd71494972b03a02f445dc98fa","openassessment+block","2018-05-12 20:39:15",0,"mod_access","server",NA,NA,NA,NA,NA
"course-v1:MITxPRO+AMxB+1T2018","A1195730","19f5efdd71494972b03a02f445dc98fa","openassessment+block","2018-05-12 20:39:15",0,"mod_access","server",NA,NA,NA,NA,NA
"course-v1:MITxPRO+AMxB+1T2018","A1195730","19f5efdd71494972b03a02f445dc98fa","openassessment+block","2018-05-12 20:39:15",0,"mod_access","server",NA,NA,NA,NA,NA
"course-v1:MITxPRO+AMxB+1T2018","A1195730","19f5efdd71494972b03a02f445dc98fa","openassessment+block","2018-05-12 20:39:15",0,"mod_access","server",NA,NA,NA,NA,NA
"course-v1:MITxPRO+AMxB+1T2018","A1195730","19f5efdd71494972b03a02f445dc98fa","openassessment+block","2018-05-12 20:39:15",0.733333333333333,"mod_access","server",NA,NA,NA,NA,NA
"course-v1:MITxPRO+AMxB+1T2018","A1195730","19f5efdd71494972b03a02f445dc98fa","openassessment+block","2018-05-12 20:39:59",0,"openassessmentblock.save_submission","server",NA,NA,NA,NA,NA
"course-v1:MITxPRO+AMxB+1T2018","A1195730","19f5efdd71494972b03a02f445dc98fa","openassessment+block","2018-05-12 20:39:59",0.366666666666667,"mod_access","server",NA,NA,NA,NA,NA
"course-v1:MITxPRO+AMxB+1T2018","A1195730","19f5efdd71494972b03a02f445dc98fa","openassessment+block","2018-05-12 20:40:21",0,"openassessmentblock.save_submission","server",NA,NA,NA,NA,NA
"course-v1:MITxPRO+AMxB+1T2018","A1195730","19f5efdd71494972b03a02f445dc98fa","openassessment+block","2018-05-12 20:40:21",0.0666666666666667,"mod_access","server",NA,NA,NA,NA,NA
"course-v1:MITxPRO+AMxB+1T2018","A1195730","19f5efdd71494972b03a02f445dc98fa","openassessment+block","2018-05-12 20:40:25",0,"mod_access","server",NA,NA,NA,NA,NA
"course-v1:MITxPRO+AMxB+1T2018","A1195730","19f5efdd71494972b03a02f445dc98fa","openassessment+block","2018-05-12 20:40:25",0,"openassessmentblock.create_submission","server",NA,NA,NA,NA,NA
"course-v1:MITxPRO+AMxB+1T2018","A1195730","19f5efdd71494972b03a02f445dc98fa","openassessment+block","2018-05-12 20:40:25",0.0166666666666667,"mod_access","server",NA,NA,NA,NA,NA
"course-v1:MITxPRO+AMxB+1T2018","A1195730","19f5efdd71494972b03a02f445dc98fa","openassessment+block","2018-05-12 20:40:26",0,"mod_access","server",NA,NA,NA,NA,NA
"course-v1:MITxPRO+AMxB+1T2018","A1195730","19f5efdd71494972b03a02f445dc98fa","openassessment+block","2018-05-12 20:40:26",0,"mod_access","server",NA,NA,NA,NA,NA
"course-v1:MITxPRO+AMxB+1T2018","A1195730","19f5efdd71494972b03a02f445dc98fa","openassessment+block","2018-05-12 20:40:26",0,"mod_access","server",NA,NA,NA,NA,NA
"course-v1:MITxPRO+AMxB+1T2018","A1195730","19f5efdd71494972b03a02f445dc98fa","openassessment+block","2018-05-12 20:40:26",0,"mod_access","server",NA,NA,NA,NA,NA
"course-v1:MITxPRO+AMxB+1T2018","A1195730","19f5efdd71494972b03a02f445dc98fa","openassessment+block","2018-05-12 20:40:26",0,"mod_access","server",NA,NA,NA,NA,NA
"course-v1:MITxPRO+AMxB+1T2018","A1195730","19f5efdd71494972b03a02f445dc98fa","openassessment+block","2018-05-12 20:40:26",0,"mod_access","server",NA,NA,NA,NA,NA
"course-v1:MITxPRO+AMxB+1T2018","A1195730","19f5efdd71494972b03a02f445dc98fa","openassessment+block","2018-05-12 20:40:26",0,"openassessmentblock.get_peer_submission","server",NA,NA,NA,NA,NA
"course-v1:MITxPRO+AMxB+1T2018","A1195730","19f5efdd71494972b03a02f445dc98fa","openassessment+block","2018-05-12 20:40:26",10.2333333333333,"mod_access","server",NA,NA,NA,NA,NA
"course-v1:MITxPRO+AMxB+1T2018","A1195730","19f5efdd71494972b03a02f445dc98fa","openassessment+block","2018-05-12 20:50:40",0.0166666666666667,"mod_access","server",NA,NA,NA,NA,NA
"course-v1:MITxPRO+AMxB+1T2018","A1195730","19f5efdd71494972b03a02f445dc98fa","openassessment+block","2018-05-12 20:50:41",0,"mod_access","server",NA,NA,NA,NA,NA
"course-v1:MITxPRO+AMxB+1T2018","A1195730","19f5efdd71494972b03a02f445dc98fa","openassessment+block","2018-05-12 20:50:41",0,"mod_access","server",NA,NA,NA,NA,NA
"course-v1:MITxPRO+AMxB+1T2018","A1195730","19f5efdd71494972b03a02f445dc98fa","openassessment+block","2018-05-12 20:50:41",0,"mod_access","server",NA,NA,NA,NA,NA
"course-v1:MITxPRO+AMxB+1T2018","A1195730","19f5efdd71494972b03a02f445dc98fa","openassessment+block","2018-05-12 20:50:41",0,"mod_access","server",NA,NA,NA,NA,NA
"course-v1:MITxPRO+AMxB+1T2018","A1195730","19f5efdd71494972b03a02f445dc98fa","openassessment+block","2018-05-12 20:50:41",0,"mod_access","server",NA,NA,NA,NA,NA
"course-v1:MITxPRO+AMxB+1T2018","A1195730","19f5efdd71494972b03a02f445dc98fa","openassessment+block","2018-05-12 20:50:41",0,"openassessmentblock.peer_assess","server",NA,NA,NA,NA,NA
"course-v1:MITxPRO+AMxB+1T2018","A1195730","19f5efdd71494972b03a02f445dc98fa","openassessment+block","2018-05-12 20:50:41",0,"openassessmentblock.get_peer_submission","server",NA,NA,NA,NA,NA
"course-v1:MITxPRO+AMxB+1T2018","A1195730","19f5efdd71494972b03a02f445dc98fa","openassessment+block","2018-05-12 20:50:41",0,"mod_access","server",NA,NA,NA,NA,NA
"course-v1:MITxPRO+AMxB+1T2018","A1195730","19f5efdd71494972b03a02f445dc98fa","openassessment+block","2018-05-12 20:50:41",0.0166666666666667,"mod_access","server",NA,NA,NA,NA,NA
"course-v1:MITxPRO+AMxB+1T2018","A1195730","19f5efdd71494972b03a02f445dc98fa","openassessment+block","2018-05-12 20:50:42",9.96666666666667,"openassessmentblock.get_peer_submission","server",NA,NA,NA,NA,NA
"course-v1:MITxPRO+AMxB+1T2018","A1195730","19f5efdd71494972b03a02f445dc98fa","openassessment+block","2018-05-12 21:00:40",0.0166666666666667,"mod_access","server",NA,NA,NA,NA,NA
"course-v1:MITxPRO+AMxB+1T2018","A1195730","19f5efdd71494972b03a02f445dc98fa","openassessment+block","2018-05-12 21:00:41",0,"mod_access","server",NA,NA,NA,NA,NA
"course-v1:MITxPRO+AMxB+1T2018","A1195730","19f5efdd71494972b03a02f445dc98fa","openassessment+block","2018-05-12 21:00:41",0,"mod_access","server",NA,NA,NA,NA,NA
"course-v1:MITxPRO+AMxB+1T2018","A1195730","19f5efdd71494972b03a02f445dc98fa","openassessment+block","2018-05-12 21:00:41",0,"mod_access","server",NA,NA,NA,NA,NA
"course-v1:MITxPRO+AMxB+1T2018","A1195730","19f5efdd71494972b03a02f445dc98fa","openassessment+block","2018-05-12 21:00:41",0,"mod_access","server",NA,NA,NA,NA,NA
"course-v1:MITxPRO+AMxB+1T2018","A1195730","19f5efdd71494972b03a02f445dc98fa","openassessment+block","2018-05-12 21:00:41",0,"mod_access","server",NA,NA,NA,NA,NA
"course-v1:MITxPRO+AMxB+1T2018","A1195730","19f5efdd71494972b03a02f445dc98fa","openassessment+block","2018-05-12 21:00:41",0,"openassessmentblock.peer_assess","server",NA,NA,NA,NA,NA
"course-v1:MITxPRO+AMxB+1T2018","A1195730","19f5efdd71494972b03a02f445dc98fa","openassessment+block","2018-05-12 21:00:41",0,"openassessmentblock.get_peer_submission","server",NA,NA,NA,NA,NA
"course-v1:MITxPRO+AMxB+1T2018","A1195730","19f5efdd71494972b03a02f445dc98fa","openassessment+block","2018-05-12 21:00:41",0,"mod_access","server",NA,NA,NA,NA,NA
"course-v1:MITxPRO+AMxB+1T2018","A1195730","19f5efdd71494972b03a02f445dc98fa","openassessment+block","2018-05-12 21:00:41",0.283333333333333,"mod_access","server",NA,NA,NA,NA,NA
"course-v1:MITxPRO+AMxB+1T2018","A1195730","2ad839c226ab44539d98e2a1e84e439f","html+block","2018-05-14 15:31:30",0.05,"mod_access","server",NA,NA,NA,NA,NA
"course-v1:MITxPRO+AMxB+1T2018","A1195730","19f5efdd71494972b03a02f445dc98fa","openassessment+block","2018-05-14 15:31:33",0,"mod_access","server",NA,NA,NA,NA,NA
"course-v1:MITxPRO+AMxB+1T2018","A1195730","19f5efdd71494972b03a02f445dc98fa","openassessment+block","2018-05-14 15:31:33",0,"mod_access","server",NA,NA,NA,NA,NA
"course-v1:MITxPRO+AMxB+1T2018","A1195730","19f5efdd71494972b03a02f445dc98fa","openassessment+block","2018-05-14 15:31:33",0,"mod_access","server",NA,NA,NA,NA,NA
"course-v1:MITxPRO+AMxB+1T2018","A1195730","19f5efdd71494972b03a02f445dc98fa","openassessment+block","2018-05-14 15:31:33",0,"mod_access","server",NA,NA,NA,NA,NA
"course-v1:MITxPRO+AMxB+1T2018","A1195730","19f5efdd71494972b03a02f445dc98fa","openassessment+block","2018-05-14 15:31:33",0,"mod_access","server",NA,NA,NA,NA,NA
"course-v1:MITxPRO+AMxB+1T2018","A1195730","19f5efdd71494972b03a02f445dc98fa","openassessment+block","2018-05-14 15:31:33",0,"mod_access","server",NA,NA,NA,NA,NA
"course-v1:MITxPRO+AMxB+1T2018","A1195730","19f5efdd71494972b03a02f445dc98fa","openassessment+block","2018-05-14 15:31:33",0,"mod_access","server",NA,NA,NA,NA,NA
"course-v1:MITxPRO+AMxB+1T2018","A1195730","19f5efdd71494972b03a02f445dc98fa","openassessment+block","2018-05-14 15:31:33",5.18333333333333,"mod_access","server",NA,NA,NA,NA,NA
"course-v1:MITxPRO+AMxB+1T2018","A1195730","19f5efdd71494972b03a02f445dc98fa","openassessment+block","2018-05-14 15:36:44",0,"openassessmentblock.submit_feedback_on_assessments","server",NA,NA,NA,NA,NA
"course-v1:MITxPRO+AMxB+1T2018","A1195730","19f5efdd71494972b03a02f445dc98fa","openassessment+block","2018-05-14 15:36:44",0.0333333333333333,"mod_access","server",NA,NA,NA,NA,NA
"course-v1:MITxPRO+AMxB+1T2018","A1195730","2ad839c226ab44539d98e2a1e84e439f","html+block","2018-05-14 15:36:46",0,"edx.ui.lms.sequence.next_selected","browser",NA,NA,NA,NA,NA
"course-v1:MITxPRO+AMxB+1T2018","A1195730","d96704d24a68401eaad4628b30fdb889","html+block","2018-05-14 15:36:46",0.0166666666666667,"mod_access","server",NA,NA,NA,NA,NA
"course-v1:MITxPRO+AMxB+1T2018","A1195730","17707229e69e428f8b8350b8c87c157e","video+block","2018-05-14 15:36:49",0.0833333333333333,"mod_access","server",NA,NA,NA,NA,NA
"course-v1:MITxPRO+AMxB+1T2018","A1195730","d96704d24a68401eaad4628b30fdb889","html+block","2018-05-14 15:36:54",0,"edx.ui.lms.sequence.previous_selected","browser",NA,NA,NA,NA,NA
"course-v1:MITxPRO+AMxB+1T2018","A1195730","2ad839c226ab44539d98e2a1e84e439f","html+block","2018-05-14 15:36:54",0.0166666666666667,"mod_access","server",NA,NA,NA,NA,NA
"course-v1:MITxPRO+AMxB+1T2018","A1195730","19f5efdd71494972b03a02f445dc98fa","openassessment+block","2018-05-14 15:36:57",0,"mod_access","server",NA,NA,NA,NA,NA
"course-v1:MITxPRO+AMxB+1T2018","A1195730","19f5efdd71494972b03a02f445dc98fa","openassessment+block","2018-05-14 15:36:57",0,"mod_access","server",NA,NA,NA,NA,NA
"course-v1:MITxPRO+AMxB+1T2018","A1195730","19f5efdd71494972b03a02f445dc98fa","openassessment+block","2018-05-14 15:36:57",0,"mod_access","server",NA,NA,NA,NA,NA
"course-v1:MITxPRO+AMxB+1T2018","A1195730","19f5efdd71494972b03a02f445dc98fa","openassessment+block","2018-05-14 15:36:57",0,"mod_access","server",NA,NA,NA,NA,NA
"course-v1:MITxPRO+AMxB+1T2018","A1195730","19f5efdd71494972b03a02f445dc98fa","openassessment+block","2018-05-14 15:36:57",0,"mod_access","server",NA,NA,NA,NA,NA
"course-v1:MITxPRO+AMxB+1T2018","A1195730","19f5efdd71494972b03a02f445dc98fa","openassessment+block","2018-05-14 15:36:57",0,"mod_access","server",NA,NA,NA,NA,NA
"course-v1:MITxPRO+AMxB+1T2018","A1195730","19f5efdd71494972b03a02f445dc98fa","openassessment+block","2018-05-14 15:36:57",0,"mod_access","server",NA,NA,NA,NA,NA
"course-v1:MITxPRO+AMxB+1T2018","A1195730","19f5efdd71494972b03a02f445dc98fa","openassessment+block","2018-05-14 15:36:57",0.65,"mod_access","server",NA,NA,NA,NA,NA
"course-v1:MITxPRO+AMxB+1T2018","A1195730","d538c2a9c6004cc3b62a2514ff7d24f5","html+block","2018-05-18 22:13:50",3.36666666666667,"mod_access","server",NA,NA,NA,NA,NA
"course-v1:MITxPRO+AMxB+1T2018","A1195730","2ad839c226ab44539d98e2a1e84e439f","html+block","2018-05-18 22:18:13",0.0333333333333333,"mod_access","server",NA,NA,NA,NA,NA
"course-v1:MITxPRO+AMxB+1T2018","A1195730","19f5efdd71494972b03a02f445dc98fa","openassessment+block","2018-05-18 22:18:15",0,"mod_access","server",NA,NA,NA,NA,NA
"course-v1:MITxPRO+AMxB+1T2018","A1195730","19f5efdd71494972b03a02f445dc98fa","openassessment+block","2018-05-18 22:18:15",0,"mod_access","server",NA,NA,NA,NA,NA
"course-v1:MITxPRO+AMxB+1T2018","A1195730","19f5efdd71494972b03a02f445dc98fa","openassessment+block","2018-05-18 22:18:15",0,"mod_access","server",NA,NA,NA,NA,NA
"course-v1:MITxPRO+AMxB+1T2018","A1195730","19f5efdd71494972b03a02f445dc98fa","openassessment+block","2018-05-18 22:18:15",0,"mod_access","server",NA,NA,NA,NA,NA
"course-v1:MITxPRO+AMxB+1T2018","A1195730","19f5efdd71494972b03a02f445dc98fa","openassessment+block","2018-05-18 22:18:15",0,"mod_access","server",NA,NA,NA,NA,NA
"course-v1:MITxPRO+AMxB+1T2018","A1195730","19f5efdd71494972b03a02f445dc98fa","openassessment+block","2018-05-18 22:18:15",0.0166666666666667,"mod_access","server",NA,NA,NA,NA,NA
"course-v1:MITxPRO+AMxB+1T2018","A1195730","19f5efdd71494972b03a02f445dc98fa","openassessment+block","2018-05-18 22:18:16",0,"mod_access","server",NA,NA,NA,NA,NA
"course-v1:MITxPRO+AMxB+1T2018","A1195730","19f5efdd71494972b03a02f445dc98fa","openassessment+block","2018-05-18 22:18:16",0.266666666666667,"mod_access","server",NA,NA,NA,NA,NA
"course-v1:MITxPRO+AMxB+1T2018","A1195730","2ad839c226ab44539d98e2a1e84e439f","html+block","2018-05-18 22:18:32",0.0166666666666667,"edx.ui.lms.sequence.next_selected","browser",NA,NA,NA,NA,NA
"course-v1:MITxPRO+AMxB+1T2018","A1195730","d96704d24a68401eaad4628b30fdb889","html+block","2018-05-18 22:18:33",0.0166666666666667,"mod_access","server",NA,NA,NA,NA,NA
"course-v1:MITxPRO+AMxB+1T2018","A1195730","c7b26f5c177645f8915da5083313c6cf","video+block","2018-05-18 22:20:40",0,"mod_access","server",NA,NA,NA,NA,NA
"course-v1:MITxPRO+AMxB+1T2018","A1195730","553c1e0f782e43f492dadd97e6bef776","problem+block","2018-05-18 22:45:45",0.366666666666667,"problem_check","server","block-v1:MITxPRO+AMxB+1T2018+type@problem+block@553c1e0f782e43f492dadd97e6bef776",1,1,1,"correct"
"course-v1:MITxPRO+AMxB+1T2018","A1195730","902dff85d0d34920814ee3729329d2d2","problem+block","2018-05-18 22:46:07",0.433333333333333,"problem_check","server","block-v1:MITxPRO+AMxB+1T2018+type@problem+block@902dff85d0d34920814ee3729329d2d2",1,1,1,"correct"
"course-v1:MITxPRO+AMxB+1T2018","A1195730","6be9622646964f02a8368b937bd8a304","problem+block","2018-05-18 22:46:33",0.283333333333333,"problem_check","server","block-v1:MITxPRO+AMxB+1T2018+type@problem+block@6be9622646964f02a8368b937bd8a304",1,1,1,"correct"
"course-v1:MITxPRO+AMxB+1T2018","A1195730","8460c1a442324bf6a54498d85b28cfe0","problem+block","2018-05-18 22:46:50",0.433333333333333,"problem_check","server","block-v1:MITxPRO+AMxB+1T2018+type@problem+block@8460c1a442324bf6a54498d85b28cfe0",1,1,1,"correct"
"course-v1:MITxPRO+AMxB+1T2018","A1195730","c08a68b3db574534a7bee42ec660d1a3","problem+block","2018-05-18 22:47:16",0.05,"problem_check","server","block-v1:MITxPRO+AMxB+1T2018+type@problem+block@c08a68b3db574534a7bee42ec660d1a3",1,1,1,"correct"
"course-v1:MITxPRO+AMxB+1T2018","A1195730","49bc2f8db38b47f9b378f26dde2a6e64","html+block","2018-06-02 22:20:00",0.35,"mod_access","server",NA,NA,NA,NA,NA
"course-v1:MITxPRO+AMxB+1T2018","A1195730","0704a9032b0b4dfebc92a428247b2a14","html+block","2018-06-02 22:22:06",0.0166666666666667,"edx.ui.lms.link_clicked","browser",NA,NA,NA,NA,NA
"course-v1:MITxPRO+AMxB+1T2018","A1195730","0704a9032b0b4dfebc92a428247b2a14","html+block","2018-06-02 22:22:07",0.0333333333333333,"mod_access","server",NA,NA,NA,NA,NA
"course-v1:MITxPRO+AMxB+1T2018","A1195730","ea1d651f18c34e6fa36ee0f68962ecb9","openassessment+block","2018-06-02 22:22:09",0,"mod_access","server",NA,NA,NA,NA,NA
"course-v1:MITxPRO+AMxB+1T2018","A1195730","ea1d651f18c34e6fa36ee0f68962ecb9","openassessment+block","2018-06-02 22:22:09",0,"mod_access","server",NA,NA,NA,NA,NA
"course-v1:MITxPRO+AMxB+1T2018","A1195730","ea1d651f18c34e6fa36ee0f68962ecb9","openassessment+block","2018-06-02 22:22:09",0,"mod_access","server",NA,NA,NA,NA,NA
"course-v1:MITxPRO+AMxB+1T2018","A1195730","ea1d651f18c34e6fa36ee0f68962ecb9","openassessment+block","2018-06-02 22:22:09",0,"mod_access","server",NA,NA,NA,NA,NA
"course-v1:MITxPRO+AMxB+1T2018","A1195730","ea1d651f18c34e6fa36ee0f68962ecb9","openassessment+block","2018-06-02 22:22:09",0,"mod_access","server",NA,NA,NA,NA,NA
"course-v1:MITxPRO+AMxB+1T2018","A1195730","ea1d651f18c34e6fa36ee0f68962ecb9","openassessment+block","2018-06-02 22:22:09",0,"mod_access","server",NA,NA,NA,NA,NA
"course-v1:MITxPRO+AMxB+1T2018","A1195730","ea1d651f18c34e6fa36ee0f68962ecb9","openassessment+block","2018-06-02 22:22:09",0,"mod_access","server",NA,NA,NA,NA,NA
"course-v1:MITxPRO+AMxB+1T2018","A1195730","ea1d651f18c34e6fa36ee0f68962ecb9","openassessment+block","2018-06-02 22:22:09",0.7,"mod_access","server",NA,NA,NA,NA,NA
"course-v1:MITxPRO+AMxB+1T2018","A1195730","0704a9032b0b4dfebc92a428247b2a14","html+block","2018-06-02 22:29:32",0,"edx.ui.lms.link_clicked","browser",NA,NA,NA,NA,NA
"course-v1:MITxPRO+AMxB+1T2018","A1195730","d8a02e7515a74c9998f997f6df75771d","html+block","2018-06-02 22:31:34",0,"edx.ui.lms.link_clicked","browser",NA,NA,NA,NA,NA
"course-v1:MITxPRO+AMxB+1T2018","A1195730","d8a02e7515a74c9998f997f6df75771d","html+block","2018-06-02 22:31:34",0.05,"mod_access","server",NA,NA,NA,NA,NA
"course-v1:MITxPRO+AMxB+1T2018","A1195730","71c4fd1a1eab4d00b0d4ae1bb725ef5a","video+block","2018-06-02 22:31:37",1.81666666666667,"mod_access","server",NA,NA,NA,NA,NA
"course-v1:MITxPRO+AMxB+1T2018","A1195730","71c4fd1a1eab4d00b0d4ae1bb725ef5a","video+block","2018-06-02 22:33:26",8.76666666666667,"play_video","browser",NA,NA,NA,NA,NA
"course-v1:MITxPRO+AMxB+1T2018","A1195730","d8a02e7515a74c9998f997f6df75771d","html+block","2018-06-02 22:42:20",0.9,"seq_next","browser",NA,NA,NA,NA,NA
"course-v1:MITxPRO+AMxB+1T2018","A1195730","1c671d329ded428288dd93458a0a2667","html+block","2018-06-02 22:43:14",21.2166666666667,"seq_next","browser",NA,NA,NA,NA,NA
"course-v1:MITxPRO+AMxB+1T2018","A1195730","f06cfae5902b4db099f1844f9dcad801","html+block","2018-06-02 23:04:27",0,"mod_access","server",NA,NA,NA,NA,NA
"course-v1:MITxPRO+AMxB+1T2018","A1195730","d8a02e7515a74c9998f997f6df75771d","html+block","2018-06-02 23:04:27",0.0166666666666667,"edx.ui.lms.sequence.next_selected","browser",NA,NA,NA,NA,NA
"course-v1:MITxPRO+AMxB+1T2018","A1195730","98032f7703934ecc960828e8931290bd","video+block","2018-06-02 23:04:30",0,"mod_access","server",NA,NA,NA,NA,NA
"course-v1:MITxPRO+AMxB+1T2018","A1195730","d07f5cabb83841ebb911eb33d653a517","video+block","2018-06-02 23:04:30",1.46666666666667,"mod_access","server",NA,NA,NA,NA,NA
"course-v1:MITxPRO+AMxB+1T2018","A1195730","f06cfae5902b4db099f1844f9dcad801","html+block","2018-06-02 23:08:15",0,"edx.ui.lms.link_clicked","browser",NA,NA,NA,NA,NA
"course-v1:MITxPRO+AMxB+1T2018","A1195730","f06cfae5902b4db099f1844f9dcad801","html+block","2018-06-02 23:08:15",0,"mod_access","server",NA,NA,NA,NA,NA
"course-v1:MITxPRO+AMxB+1T2018","A1195730","f06cfae5902b4db099f1844f9dcad801","html+block","2018-06-02 23:08:15",0.05,"edx.course.home.resume_course.clicked","browser",NA,NA,NA,NA,NA
"course-v1:MITxPRO+AMxB+1T2018","A1195730","98032f7703934ecc960828e8931290bd","video+block","2018-06-02 23:08:18",0,"mod_access","server",NA,NA,NA,NA,NA
"course-v1:MITxPRO+AMxB+1T2018","A1195730","d07f5cabb83841ebb911eb33d653a517","video+block","2018-06-02 23:08:18",6.45,"mod_access","server",NA,NA,NA,NA,NA
"course-v1:MITxPRO+AMxB+1T2018","A1195730","2126522cd4b94bd68b2999261978d881","html+block","2018-06-02 23:40:29",0.05,"mod_access","server",NA,NA,NA,NA,NA
"course-v1:MITxPRO+AMxB+1T2018","A1195730","3de7431267b04318bd0e9501f80a019d","video+block","2018-06-02 23:40:32",0.25,"mod_access","server",NA,NA,NA,NA,NA
"course-v1:MITxPRO+AMxB+1T2018","A1195730","353e3386c40d443197f8dd7cd454bf27","video+block","2018-06-02 23:40:47",0,"mod_access","server",NA,NA,NA,NA,NA
"course-v1:MITxPRO+AMxB+1T2018","A1195730","2126522cd4b94bd68b2999261978d881","html+block","2018-06-02 23:40:47",0.283333333333333,"seq_next","browser",NA,NA,NA,NA,NA
"course-v1:MITxPRO+AMxB+1T2018","A1195730","67aa56ef4f504d889c6068052bab302b","html+block","2018-06-02 23:41:04",0.133333333333333,"seq_next","browser",NA,NA,NA,NA,NA
"course-v1:MITxPRO+AMxB+1T2018","A1195730","334c250757224648b03c5fcdc8ab25b4","html+block","2018-06-02 23:41:12",0.0666666666666667,"seq_next","browser",NA,NA,NA,NA,NA
"course-v1:MITxPRO+AMxB+1T2018","A1195730","35fb6234757c420ea8007b976a49044a","html+block","2018-06-02 23:41:16",0.366666666666667,"seq_next","browser",NA,NA,NA,NA,NA
"course-v1:MITxPRO+AMxB+1T2018","A1195730","632447fdff6840a3a11237aa514d7e68","problem+block","2018-06-02 23:41:38",0,"problem_graded","browser",NA,NA,NA,NA,NA
"course-v1:MITxPRO+AMxB+1T2018","A1195730","632447fdff6840a3a11237aa514d7e68","problem+block","2018-06-02 23:41:38",0.116666666666667,"problem_check","server","block-v1:MITxPRO+AMxB+1T2018+type@problem+block@632447fdff6840a3a11237aa514d7e68",1,0,1,"incorrect"
"course-v1:MITxPRO+AMxB+1T2018","A1195730","632447fdff6840a3a11237aa514d7e68","problem+block","2018-06-02 23:41:45",0.466666666666667,"seq_prev","browser",NA,NA,NA,NA,NA
"course-v1:MITxPRO+AMxB+1T2018","A1195730","35fb6234757c420ea8007b976a49044a","html+block","2018-06-02 23:42:13",0.416666666666667,"seq_next","browser",NA,NA,NA,NA,NA
"course-v1:MITxPRO+AMxB+1T2018","A1195730","632447fdff6840a3a11237aa514d7e68","problem+block","2018-06-02 23:42:38",0,"problem_graded","browser",NA,NA,NA,NA,NA
"course-v1:MITxPRO+AMxB+1T2018","A1195730","632447fdff6840a3a11237aa514d7e68","problem+block","2018-06-02 23:42:38",0.05,"problem_check","server","block-v1:MITxPRO+AMxB+1T2018+type@problem+block@632447fdff6840a3a11237aa514d7e68",2,1,1,"correct"
"course-v1:MITxPRO+AMxB+1T2018","A1195730","26772bf1f08f4f96ab44e6007c4c6976","html+block","2018-06-02 23:42:41",0,"mod_access","server",NA,NA,NA,NA,NA
"course-v1:MITxPRO+AMxB+1T2018","A1195730","2126522cd4b94bd68b2999261978d881","html+block","2018-06-02 23:42:41",0.0333333333333333,"edx.ui.lms.sequence.next_selected","browser",NA,NA,NA,NA,NA
"course-v1:MITxPRO+AMxB+1T2018","A1195730","9b0b3df2c14144d49b56a90c54cb748a","video+block","2018-06-02 23:42:45",0.05,"mod_access","server",NA,NA,NA,NA,NA
"course-v1:MITxPRO+AMxB+1T2018","A1195730","2126522cd4b94bd68b2999261978d881","html+block","2018-06-02 23:42:48",0,"mod_access","server",NA,NA,NA,NA,NA
"course-v1:MITxPRO+AMxB+1T2018","A1195730","26772bf1f08f4f96ab44e6007c4c6976","html+block","2018-06-02 23:42:48",0.0333333333333333,"edx.ui.lms.sequence.previous_selected","browser",NA,NA,NA,NA,NA
"course-v1:MITxPRO+AMxB+1T2018","A1195730","48f524e499d548ea91963ba7ab8ad845","problem+block","2018-06-02 23:43:06",0,"problem_check","server","block-v1:MITxPRO+AMxB+1T2018+type@problem+block@48f524e499d548ea91963ba7ab8ad845",1,0,1,"incorrect"
"course-v1:MITxPRO+AMxB+1T2018","A1195730","48f524e499d548ea91963ba7ab8ad845","problem+block","2018-06-02 23:43:06",0.05,"problem_graded","browser",NA,NA,NA,NA,NA
"course-v1:MITxPRO+AMxB+1T2018","A1195730","48f524e499d548ea91963ba7ab8ad845","problem+block","2018-06-02 23:43:09",0,"problem_check","server","block-v1:MITxPRO+AMxB+1T2018+type@problem+block@48f524e499d548ea91963ba7ab8ad845",2,1,1,"correct"
"course-v1:MITxPRO+AMxB+1T2018","A1195730","48f524e499d548ea91963ba7ab8ad845","problem+block","2018-06-02 23:43:09",0.65,"problem_graded","browser",NA,NA,NA,NA,NA
"course-v1:MITxPRO+AMxB+1T2018","A1195730","e1d55c63a2bd4a79aca5c750cc7a6c97","problem+block","2018-06-02 23:43:48",0,"problem_check","server","block-v1:MITxPRO+AMxB+1T2018+type@problem+block@e1d55c63a2bd4a79aca5c750cc7a6c97",1,0,1,"incorrect"
"course-v1:MITxPRO+AMxB+1T2018","A1195730","e1d55c63a2bd4a79aca5c750cc7a6c97","problem+block","2018-06-02 23:43:48",0.233333333333333,"problem_graded","browser",NA,NA,NA,NA,NA
"course-v1:MITxPRO+AMxB+1T2018","A1195730","e1d55c63a2bd4a79aca5c750cc7a6c97","problem+block","2018-06-02 23:44:02",0,"problem_check","server","block-v1:MITxPRO+AMxB+1T2018+type@problem+block@e1d55c63a2bd4a79aca5c750cc7a6c97",2,0,1,"incorrect"
"course-v1:MITxPRO+AMxB+1T2018","A1195730","e1d55c63a2bd4a79aca5c750cc7a6c97","problem+block","2018-06-02 23:44:02",0.0333333333333333,"problem_graded","browser",NA,NA,NA,NA,NA
"course-v1:MITxPRO+AMxB+1T2018","A1195730","e1d55c63a2bd4a79aca5c750cc7a6c97","problem+block","2018-06-02 23:44:04",0.45,"problem_show","browser",NA,NA,NA,NA,NA
"course-v1:MITxPRO+AMxB+1T2018","A1195730","632447fdff6840a3a11237aa514d7e68","problem+block","2018-06-02 23:44:31",0.0666666666666667,"seq_prev","browser",NA,NA,NA,NA,NA
"course-v1:MITxPRO+AMxB+1T2018","A1195730","35fb6234757c420ea8007b976a49044a","html+block","2018-06-02 23:44:35",0.133333333333333,"seq_next","browser",NA,NA,NA,NA,NA
"course-v1:MITxPRO+AMxB+1T2018","A1195730","bd441ccd067547a89407ec54fa626f06","problem+block","2018-06-02 23:44:43",0,"problem_graded","browser",NA,NA,NA,NA,NA
"course-v1:MITxPRO+AMxB+1T2018","A1195730","bd441ccd067547a89407ec54fa626f06","problem+block","2018-06-02 23:44:43",0.266666666666667,"problem_check","server","block-v1:MITxPRO+AMxB+1T2018+type@problem+block@bd441ccd067547a89407ec54fa626f06",1,1,1,"correct"
"course-v1:MITxPRO+AMxB+1T2018","A1195730","f7874e47588041b697e73ba41e6e407c","problem+block","2018-06-02 23:44:59",0,"problem_graded","browser",NA,NA,NA,NA,NA
"course-v1:MITxPRO+AMxB+1T2018","A1195730","f7874e47588041b697e73ba41e6e407c","problem+block","2018-06-02 23:44:59",0.1,"problem_check","server","block-v1:MITxPRO+AMxB+1T2018+type@problem+block@f7874e47588041b697e73ba41e6e407c",1,0,1,"incorrect"
"course-v1:MITxPRO+AMxB+1T2018","A1195730","f7874e47588041b697e73ba41e6e407c","problem+block","2018-06-02 23:45:05",0,"problem_graded","browser",NA,NA,NA,NA,NA
"course-v1:MITxPRO+AMxB+1T2018","A1195730","f7874e47588041b697e73ba41e6e407c","problem+block","2018-06-02 23:45:05",0.0333333333333333,"problem_check","server","block-v1:MITxPRO+AMxB+1T2018+type@problem+block@f7874e47588041b697e73ba41e6e407c",2,0,1,"incorrect"
"course-v1:MITxPRO+AMxB+1T2018","A1195730","f7874e47588041b697e73ba41e6e407c","problem+block","2018-06-02 23:45:07",0.15,"problem_show","browser",NA,NA,NA,NA,NA
"course-v1:MITxPRO+AMxB+1T2018","A1195730","2126522cd4b94bd68b2999261978d881","html+block","2018-06-02 23:45:16",0,"edx.ui.lms.sequence.next_selected","browser",NA,NA,NA,NA,NA
"course-v1:MITxPRO+AMxB+1T2018","A1195730","26772bf1f08f4f96ab44e6007c4c6976","html+block","2018-06-02 23:45:16",0.0333333333333333,"mod_access","server",NA,NA,NA,NA,NA
"course-v1:MITxPRO+AMxB+1T2018","A1195730","9b0b3df2c14144d49b56a90c54cb748a","video+block","2018-06-02 23:45:20",0.0333333333333333,"mod_access","server",NA,NA,NA,NA,NA
"course-v1:MITxPRO+AMxB+1T2018","A1195730","26772bf1f08f4f96ab44e6007c4c6976","html+block","2018-06-02 23:46:13",0.05,"mod_access","server",NA,NA,NA,NA,NA
"course-v1:MITxPRO+AMxB+1T2018","A1195730","9b0b3df2c14144d49b56a90c54cb748a","video+block","2018-06-02 23:46:16",0.466666666666667,"mod_access","server",NA,NA,NA,NA,NA
"course-v1:MITxPRO+AMxB+1T2018","A1195730","2a3d8b5f6991442cbf17871398487920","video+block","2018-06-02 23:46:44",0,"mod_access","server",NA,NA,NA,NA,NA
"course-v1:MITxPRO+AMxB+1T2018","A1195730","26772bf1f08f4f96ab44e6007c4c6976","html+block","2018-06-02 23:46:44",0.0166666666666667,"seq_next","browser",NA,NA,NA,NA,NA
"course-v1:MITxPRO+AMxB+1T2018","A1195730","b44d071a81c142198d7e7ca14f5442f6","html+block","2018-06-02 23:46:45",0,"seq_next","browser",NA,NA,NA,NA,NA
"course-v1:MITxPRO+AMxB+1T2018","A1195730","5b303a0f1b8c4aa4be49f74f2fc89c9e","video+block","2018-06-02 23:46:45",0.0166666666666667,"mod_access","server",NA,NA,NA,NA,NA
"course-v1:MITxPRO+AMxB+1T2018","A1195730","6b640336506d4155b1388785aab42fca","html+block","2018-06-02 23:46:46",0.0166666666666667,"seq_next","browser",NA,NA,NA,NA,NA
"course-v1:MITxPRO+AMxB+1T2018","A1195730","b47999fa192a4c07897ef0655c1f458f","html+block","2018-06-02 23:46:47",1.33333333333333,"seq_next","browser",NA,NA,NA,NA,NA
"course-v1:MITxPRO+AMxB+1T2018","A1195730","4278a11746804def8e613a8a8da29a7c","html+block","2018-06-02 23:48:07",0.133333333333333,"seq_next","browser",NA,NA,NA,NA,NA
"course-v1:MITxPRO+AMxB+1T2018","A1195730","deead91c4b084361847e1f6596966bb8","problem+block","2018-06-02 23:48:15",0,"problem_check","server","block-v1:MITxPRO+AMxB+1T2018+type@problem+block@deead91c4b084361847e1f6596966bb8",1,1,1,"correct"
"course-v1:MITxPRO+AMxB+1T2018","A1195730","deead91c4b084361847e1f6596966bb8","problem+block","2018-06-02 23:48:15",0.366666666666667,"problem_graded","browser",NA,NA,NA,NA,NA
"course-v1:MITxPRO+AMxB+1T2018","A1195730","6bcb17967bcb4df9bfc7914614ea438d","problem+block","2018-06-02 23:48:37",0,"problem_graded","browser",NA,NA,NA,NA,NA
"course-v1:MITxPRO+AMxB+1T2018","A1195730","6bcb17967bcb4df9bfc7914614ea438d","problem+block","2018-06-02 23:48:37",0.05,"problem_check","server","block-v1:MITxPRO+AMxB+1T2018+type@problem+block@6bcb17967bcb4df9bfc7914614ea438d",1,0,1,"incorrect"
"course-v1:MITxPRO+AMxB+1T2018","A1195730","6bcb17967bcb4df9bfc7914614ea438d","problem+block","2018-06-02 23:48:40",0,"problem_check","server","block-v1:MITxPRO+AMxB+1T2018+type@problem+block@6bcb17967bcb4df9bfc7914614ea438d",2,1,1,"correct"
"course-v1:MITxPRO+AMxB+1T2018","A1195730","6bcb17967bcb4df9bfc7914614ea438d","problem+block","2018-06-02 23:48:40",0.25,"problem_graded","browser",NA,NA,NA,NA,NA
"course-v1:MITxPRO+AMxB+1T2018","A1195730","c1cffbf051a6419bb88a3efe70810c03","problem+block","2018-06-02 23:48:55",0,"problem_check","server","block-v1:MITxPRO+AMxB+1T2018+type@problem+block@c1cffbf051a6419bb88a3efe70810c03",1,1,1,"correct"
"course-v1:MITxPRO+AMxB+1T2018","A1195730","c1cffbf051a6419bb88a3efe70810c03","problem+block","2018-06-02 23:48:55",0.2,"problem_graded","browser",NA,NA,NA,NA,NA
"course-v1:MITxPRO+AMxB+1T2018","A1195730","deb6f01c4aee459aba4573c30370cd9f","problem+block","2018-06-02 23:49:07",0,"problem_check","server","block-v1:MITxPRO+AMxB+1T2018+type@problem+block@deb6f01c4aee459aba4573c30370cd9f",1,0,1,"incorrect"
"course-v1:MITxPRO+AMxB+1T2018","A1195730","deb6f01c4aee459aba4573c30370cd9f","problem+block","2018-06-02 23:49:07",0.1,"problem_graded","browser",NA,NA,NA,NA,NA
"course-v1:MITxPRO+AMxB+1T2018","A1195730","deb6f01c4aee459aba4573c30370cd9f","problem+block","2018-06-02 23:49:13",0.0166666666666667,"problem_check","server","block-v1:MITxPRO+AMxB+1T2018+type@problem+block@deb6f01c4aee459aba4573c30370cd9f",2,0,1,"incorrect"
"course-v1:MITxPRO+AMxB+1T2018","A1195730","deb6f01c4aee459aba4573c30370cd9f","problem+block","2018-06-02 23:49:14",0.0333333333333333,"problem_graded","browser",NA,NA,NA,NA,NA
"course-v1:MITxPRO+AMxB+1T2018","A1195730","deb6f01c4aee459aba4573c30370cd9f","problem+block","2018-06-02 23:49:16",0.6,"problem_show","browser",NA,NA,NA,NA,NA
"course-v1:MITxPRO+AMxB+1T2018","A1195730","712de1d8f0494088af25f2d8990ed903","problem+block","2018-06-02 23:49:52",0.0166666666666667,"problem_check","server","block-v1:MITxPRO+AMxB+1T2018+type@problem+block@712de1d8f0494088af25f2d8990ed903",1,1,1,"correct"
"course-v1:MITxPRO+AMxB+1T2018","A1195730","712de1d8f0494088af25f2d8990ed903","problem+block","2018-06-02 23:49:53",0.316666666666667,"problem_graded","browser",NA,NA,NA,NA,NA
"course-v1:MITxPRO+AMxB+1T2018","A1195730","bcfaf0a85a4c4bb1b5f38a5334a89bc7","problem+block","2018-06-02 23:50:12",0,"problem_graded","browser",NA,NA,NA,NA,NA
"course-v1:MITxPRO+AMxB+1T2018","A1195730","bcfaf0a85a4c4bb1b5f38a5334a89bc7","problem+block","2018-06-02 23:50:12",0.05,"problem_check","server","block-v1:MITxPRO+AMxB+1T2018+type@problem+block@bcfaf0a85a4c4bb1b5f38a5334a89bc7",1,0,1,"incorrect"
"course-v1:MITxPRO+AMxB+1T2018","A1195730","bcfaf0a85a4c4bb1b5f38a5334a89bc7","problem+block","2018-06-02 23:50:15",0,"problem_graded","browser",NA,NA,NA,NA,NA
"course-v1:MITxPRO+AMxB+1T2018","A1195730","bcfaf0a85a4c4bb1b5f38a5334a89bc7","problem+block","2018-06-02 23:50:15",0.0166666666666667,"problem_check","server","block-v1:MITxPRO+AMxB+1T2018+type@problem+block@bcfaf0a85a4c4bb1b5f38a5334a89bc7",2,0,1,"incorrect"
"course-v1:MITxPRO+AMxB+1T2018","A1195730","bcfaf0a85a4c4bb1b5f38a5334a89bc7","problem+block","2018-06-02 23:50:16",0.616666666666667,"problem_show","browser",NA,NA,NA,NA,NA
"course-v1:MITxPRO+AMxB+1T2018","A1195730","70ce3c11df2441369632b5e4c33440b2","problem+block","2018-06-02 23:50:53",0.0166666666666667,"problem_check","server","block-v1:MITxPRO+AMxB+1T2018+type@problem+block@70ce3c11df2441369632b5e4c33440b2",1,1,1,"correct"
"course-v1:MITxPRO+AMxB+1T2018","A1195730","70ce3c11df2441369632b5e4c33440b2","problem+block","2018-06-02 23:50:54",0.9,"problem_graded","browser",NA,NA,NA,NA,NA
"course-v1:MITxPRO+AMxB+1T2018","A1195730","631404452a894b47949846af85b65a75","problem+block","2018-06-02 23:51:48",0.0166666666666667,"problem_check","server","block-v1:MITxPRO+AMxB+1T2018+type@problem+block@631404452a894b47949846af85b65a75",1,0,1,"incorrect"
"course-v1:MITxPRO+AMxB+1T2018","A1195730","631404452a894b47949846af85b65a75","problem+block","2018-06-02 23:51:49",0.116666666666667,"problem_graded","browser",NA,NA,NA,NA,NA
"course-v1:MITxPRO+AMxB+1T2018","A1195730","631404452a894b47949846af85b65a75","problem+block","2018-06-02 23:51:56",0,"problem_graded","browser",NA,NA,NA,NA,NA
"course-v1:MITxPRO+AMxB+1T2018","A1195730","631404452a894b47949846af85b65a75","problem+block","2018-06-02 23:51:56",0.0333333333333333,"problem_check","server","block-v1:MITxPRO+AMxB+1T2018+type@problem+block@631404452a894b47949846af85b65a75",2,0,1,"incorrect"
"course-v1:MITxPRO+AMxB+1T2018","A1195730","631404452a894b47949846af85b65a75","problem+block","2018-06-02 23:51:58",0.2,"problem_show","browser",NA,NA,NA,NA,NA
"course-v1:MITxPRO+AMxB+1T2018","A1195730","26772bf1f08f4f96ab44e6007c4c6976","html+block","2018-06-02 23:52:10",0,"edx.ui.lms.sequence.next_selected","browser",NA,NA,NA,NA,NA
"course-v1:MITxPRO+AMxB+1T2018","A1195730","8a10cc79e71240fbbaef15137c988bf5","html+block","2018-06-02 23:52:10",0.0833333333333333,"mod_access","server",NA,NA,NA,NA,NA
"course-v1:MITxPRO+AMxB+1T2018","A1195730","d6f5e62f53b24133ad80b6ae4fbb1c67","video+block","2018-06-02 23:52:17",0.0666666666666667,"mod_access","server",NA,NA,NA,NA,NA
"course-v1:MITxPRO+AMxB+1T2018","A1195730","8a10cc79e71240fbbaef15137c988bf5","html+block","2018-06-02 23:52:40",0.05,"mod_access","server",NA,NA,NA,NA,NA
"course-v1:MITxPRO+AMxB+1T2018","A1195730","d6f5e62f53b24133ad80b6ae4fbb1c67","video+block","2018-06-02 23:52:43",0.1,"mod_access","server",NA,NA,NA,NA,NA
"course-v1:MITxPRO+AMxB+1T2018","A1195730","43334af9e23541758eae3f163f0233ca","video+block","2018-06-02 23:52:49",0,"mod_access","server",NA,NA,NA,NA,NA
"course-v1:MITxPRO+AMxB+1T2018","A1195730","8a10cc79e71240fbbaef15137c988bf5","html+block","2018-06-02 23:52:49",0.0333333333333333,"seq_next","browser",NA,NA,NA,NA,NA
"course-v1:MITxPRO+AMxB+1T2018","A1195730","0cd55e8d087d4dd7b4abe0c9eeb53ee9","html+block","2018-06-02 23:52:51",0.0333333333333333,"seq_next","browser",NA,NA,NA,NA,NA
"course-v1:MITxPRO+AMxB+1T2018","A1195730","0552f7dc52d14cf5b15daed9c4229342","html+block","2018-06-02 23:52:53",0.05,"seq_next","browser",NA,NA,NA,NA,NA
"course-v1:MITxPRO+AMxB+1T2018","A1195730","151ff258d4a74e6dbe9efde0ce31b457","html+block","2018-06-02 23:52:56",0.2,"seq_prev","browser",NA,NA,NA,NA,NA
"course-v1:MITxPRO+AMxB+1T2018","A1195730","0552f7dc52d14cf5b15daed9c4229342","html+block","2018-06-02 23:53:08",0.716666666666667,"seq_next","browser",NA,NA,NA,NA,NA
"course-v1:MITxPRO+AMxB+1T2018","A1195730","151ff258d4a74e6dbe9efde0ce31b457","html+block","2018-06-02 23:53:51",0.25,"seq_next","browser",NA,NA,NA,NA,NA
"course-v1:MITxPRO+AMxB+1T2018","A1195730","c1e3057887ae4756b3983ee71103080a","problem+block","2018-06-02 23:54:06",0,"problem_check","server","block-v1:MITxPRO+AMxB+1T2018+type@problem+block@c1e3057887ae4756b3983ee71103080a",1,1,1,"correct"
"course-v1:MITxPRO+AMxB+1T2018","A1195730","c1e3057887ae4756b3983ee71103080a","problem+block","2018-06-02 23:54:06",0.316666666666667,"problem_graded","browser",NA,NA,NA,NA,NA
"course-v1:MITxPRO+AMxB+1T2018","A1195730","4ddee52f520141a192396264e12e939c","problem+block","2018-06-02 23:54:25",0.0166666666666667,"problem_check","server","block-v1:MITxPRO+AMxB+1T2018+type@problem+block@4ddee52f520141a192396264e12e939c",1,1,1,"correct"
"course-v1:MITxPRO+AMxB+1T2018","A1195730","4ddee52f520141a192396264e12e939c","problem+block","2018-06-02 23:54:26",0.25,"problem_graded","browser",NA,NA,NA,NA,NA
"course-v1:MITxPRO+AMxB+1T2018","A1195730","2a07f16983744ee4b619e6822558732e","problem+block","2018-06-02 23:54:41",0,"problem_check","server","block-v1:MITxPRO+AMxB+1T2018+type@problem+block@2a07f16983744ee4b619e6822558732e",1,0,1,"incorrect"
"course-v1:MITxPRO+AMxB+1T2018","A1195730","2a07f16983744ee4b619e6822558732e","problem+block","2018-06-02 23:54:41",0.166666666666667,"problem_graded","browser",NA,NA,NA,NA,NA
"course-v1:MITxPRO+AMxB+1T2018","A1195730","2a07f16983744ee4b619e6822558732e","problem+block","2018-06-02 23:54:51",0.0166666666666667,"problem_check","server","block-v1:MITxPRO+AMxB+1T2018+type@problem+block@2a07f16983744ee4b619e6822558732e",2,0,1,"incorrect"
"course-v1:MITxPRO+AMxB+1T2018","A1195730","2a07f16983744ee4b619e6822558732e","problem+block","2018-06-02 23:54:52",0.0166666666666667,"problem_graded","browser",NA,NA,NA,NA,NA
"course-v1:MITxPRO+AMxB+1T2018","A1195730","2a07f16983744ee4b619e6822558732e","problem+block","2018-06-02 23:54:53",0.266666666666667,"problem_show","browser",NA,NA,NA,NA,NA
"course-v1:MITxPRO+AMxB+1T2018","A1195730","3b80b63e802243169ed3dc0ceba87a81","problem+block","2018-06-02 23:55:09",0,"problem_check","server","block-v1:MITxPRO+AMxB+1T2018+type@problem+block@3b80b63e802243169ed3dc0ceba87a81",1,1,1,"correct"
"course-v1:MITxPRO+AMxB+1T2018","A1195730","3b80b63e802243169ed3dc0ceba87a81","problem+block","2018-06-02 23:55:09",0.716666666666667,"problem_graded","browser",NA,NA,NA,NA,NA
"course-v1:MITxPRO+AMxB+1T2018","A1195730","750c556f3cae4c2db33e983c7c72db60","problem+block","2018-06-02 23:55:52",0.0166666666666667,"problem_check","server","block-v1:MITxPRO+AMxB+1T2018+type@problem+block@750c556f3cae4c2db33e983c7c72db60",1,0,1,"incorrect"
"course-v1:MITxPRO+AMxB+1T2018","A1195730","750c556f3cae4c2db33e983c7c72db60","problem+block","2018-06-02 23:55:53",0.0833333333333333,"problem_graded","browser",NA,NA,NA,NA,NA
"course-v1:MITxPRO+AMxB+1T2018","A1195730","750c556f3cae4c2db33e983c7c72db60","problem+block","2018-06-02 23:55:58",0,"problem_graded","browser",NA,NA,NA,NA,NA
"course-v1:MITxPRO+AMxB+1T2018","A1195730","750c556f3cae4c2db33e983c7c72db60","problem+block","2018-06-02 23:55:58",0.0333333333333333,"problem_check","server","block-v1:MITxPRO+AMxB+1T2018+type@problem+block@750c556f3cae4c2db33e983c7c72db60",2,0,1,"incorrect"
"course-v1:MITxPRO+AMxB+1T2018","A1195730","750c556f3cae4c2db33e983c7c72db60","problem+block","2018-06-02 23:56:00",0.1,"problem_show","browser",NA,NA,NA,NA,NA
"course-v1:MITxPRO+AMxB+1T2018","A1195730","aedac84ad12f487db1c88dbe3c82abde","html+block","2018-06-02 23:56:06",0,"mod_access","server",NA,NA,NA,NA,NA
"course-v1:MITxPRO+AMxB+1T2018","A1195730","8a10cc79e71240fbbaef15137c988bf5","html+block","2018-06-02 23:56:06",0.0333333333333333,"edx.ui.lms.sequence.next_selected","browser",NA,NA,NA,NA,NA
"course-v1:MITxPRO+AMxB+1T2018","A1195730","44a09f185c624f388d29e488f28999d2","video+block","2018-06-02 23:56:10",0.0666666666666667,"mod_access","server",NA,NA,NA,NA,NA
"course-v1:MITxPRO+AMxB+1T2018","A1195730","4454aaa65b6d49ca89add710ba15514e","html+block","2018-06-04 17:29:21",0,"edx.ui.lms.link_clicked","browser",NA,NA,NA,NA,NA
"course-v1:MITxPRO+AMxB+1T2018","A1195730","aedac84ad12f487db1c88dbe3c82abde","html+block","2018-06-04 17:29:21",0.616666666666667,"mod_access","server",NA,NA,NA,NA,NA
"course-v1:MITxPRO+AMxB+1T2018","A1195730","4454aaa65b6d49ca89add710ba15514e","html+block","2018-06-04 17:29:58",0.383333333333333,"seq_next","browser",NA,NA,NA,NA,NA
"course-v1:MITxPRO+AMxB+1T2018","A1195730","b417ce5230004e449eb68bbbca8930d9","problem+block","2018-06-04 17:30:21",0,"problem_graded","browser",NA,NA,NA,NA,NA
"course-v1:MITxPRO+AMxB+1T2018","A1195730","b417ce5230004e449eb68bbbca8930d9","problem+block","2018-06-04 17:30:21",0.05,"problem_check","server","block-v1:MITxPRO+AMxB+1T2018+type@problem+block@b417ce5230004e449eb68bbbca8930d9",1,0,1,"incorrect"
"course-v1:MITxPRO+AMxB+1T2018","A1195730","b417ce5230004e449eb68bbbca8930d9","problem+block","2018-06-04 17:30:24",0,"problem_check","server","block-v1:MITxPRO+AMxB+1T2018+type@problem+block@b417ce5230004e449eb68bbbca8930d9",2,0,1,"incorrect"
"course-v1:MITxPRO+AMxB+1T2018","A1195730","b417ce5230004e449eb68bbbca8930d9","problem+block","2018-06-04 17:30:24",0.0333333333333333,"problem_graded","browser",NA,NA,NA,NA,NA
"course-v1:MITxPRO+AMxB+1T2018","A1195730","b417ce5230004e449eb68bbbca8930d9","problem+block","2018-06-04 17:30:26",0.316666666666667,"problem_show","browser",NA,NA,NA,NA,NA
"course-v1:MITxPRO+AMxB+1T2018","A1195730","519a3ce144b042f09bc9f27f33267c71","problem+block","2018-06-04 17:30:45",0,"problem_check","server","block-v1:MITxPRO+AMxB+1T2018+type@problem+block@519a3ce144b042f09bc9f27f33267c71",1,1,1,"correct"
"course-v1:MITxPRO+AMxB+1T2018","A1195730","519a3ce144b042f09bc9f27f33267c71","problem+block","2018-06-04 17:30:45",0.25,"problem_graded","browser",NA,NA,NA,NA,NA
"course-v1:MITxPRO+AMxB+1T2018","A1195730","1c6f3c34f7cc4c9b94c4e8d737f587c6","problem+block","2018-06-04 17:31:00",0,"problem_graded","browser",NA,NA,NA,NA,NA
"course-v1:MITxPRO+AMxB+1T2018","A1195730","1c6f3c34f7cc4c9b94c4e8d737f587c6","problem+block","2018-06-04 17:31:00",0.416666666666667,"problem_check","server","block-v1:MITxPRO+AMxB+1T2018+type@problem+block@1c6f3c34f7cc4c9b94c4e8d737f587c6",1,1,1,"correct"
"course-v1:MITxPRO+AMxB+1T2018","A1195730","d8424937df4a417f80f02a8a69eee970","problem+block","2018-06-04 17:31:25",0,"problem_graded","browser",NA,NA,NA,NA,NA
"course-v1:MITxPRO+AMxB+1T2018","A1195730","d8424937df4a417f80f02a8a69eee970","problem+block","2018-06-04 17:31:25",0.633333333333333,"problem_check","server","block-v1:MITxPRO+AMxB+1T2018+type@problem+block@d8424937df4a417f80f02a8a69eee970",1,1,1,"correct"
"course-v1:MITxPRO+AMxB+1T2018","A1195730","4be8a36bf92f42cd8fbd28d32417459c","problem+block","2018-06-04 17:32:03",0,"problem_check","server","block-v1:MITxPRO+AMxB+1T2018+type@problem+block@4be8a36bf92f42cd8fbd28d32417459c",1,0,1,"incorrect"
"course-v1:MITxPRO+AMxB+1T2018","A1195730","4be8a36bf92f42cd8fbd28d32417459c","problem+block","2018-06-04 17:32:03",0.05,"problem_graded","browser",NA,NA,NA,NA,NA
"course-v1:MITxPRO+AMxB+1T2018","A1195730","4be8a36bf92f42cd8fbd28d32417459c","problem+block","2018-06-04 17:32:06",0.0166666666666667,"problem_check","server","block-v1:MITxPRO+AMxB+1T2018+type@problem+block@4be8a36bf92f42cd8fbd28d32417459c",2,0,1,"incorrect"
"course-v1:MITxPRO+AMxB+1T2018","A1195730","4be8a36bf92f42cd8fbd28d32417459c","problem+block","2018-06-04 17:32:07",0.0166666666666667,"problem_graded","browser",NA,NA,NA,NA,NA
"course-v1:MITxPRO+AMxB+1T2018","A1195730","4be8a36bf92f42cd8fbd28d32417459c","problem+block","2018-06-04 17:32:08",0.183333333333333,"problem_show","browser",NA,NA,NA,NA,NA
"course-v1:MITxPRO+AMxB+1T2018","A1195730","c8a31966713e4ef18f4f06cd4a79d374","html+block","2018-06-04 17:32:52",0.0166666666666667,"edx.ui.lms.link_clicked","browser",NA,NA,NA,NA,NA
"course-v1:MITxPRO+AMxB+1T2018","A1195730","1f5002403e13485da7e7b1f5896e81ee","html+block","2018-06-04 17:32:53",24.65,"mod_access","server",NA,NA,NA,NA,NA
"course-v1:MITxPRO+AMxB+1T2018","A1195730","c8a31966713e4ef18f4f06cd4a79d374","html+block","2018-06-04 17:57:32",0.35,"seq_next","browser",NA,NA,NA,NA,NA
"course-v1:MITxPRO+AMxB+1T2018","A1195730","f732776055a94d8d8fd501519588bcc8","problem+block","2018-06-04 17:57:53",0,"problem_check","server","block-v1:MITxPRO+AMxB+1T2018+type@problem+block@f732776055a94d8d8fd501519588bcc8",1,0,1,"incorrect"
"course-v1:MITxPRO+AMxB+1T2018","A1195730","f732776055a94d8d8fd501519588bcc8","problem+block","2018-06-04 17:57:53",0.116666666666667,"problem_graded","browser",NA,NA,NA,NA,NA
"course-v1:MITxPRO+AMxB+1T2018","A1195730","f732776055a94d8d8fd501519588bcc8","problem+block","2018-06-04 17:58:00",0,"problem_graded","browser",NA,NA,NA,NA,NA
"course-v1:MITxPRO+AMxB+1T2018","A1195730","f732776055a94d8d8fd501519588bcc8","problem+block","2018-06-04 17:58:00",0.2,"problem_check","server","block-v1:MITxPRO+AMxB+1T2018+type@problem+block@f732776055a94d8d8fd501519588bcc8",2,1,1,"correct"
"course-v1:MITxPRO+AMxB+1T2018","A1195730","71aa8975942747bfa496bcb179836244","problem+block","2018-06-04 17:58:12",0,"problem_check","server","block-v1:MITxPRO+AMxB+1T2018+type@problem+block@71aa8975942747bfa496bcb179836244",1,1,1,"correct"
"course-v1:MITxPRO+AMxB+1T2018","A1195730","71aa8975942747bfa496bcb179836244","problem+block","2018-06-04 17:58:12",0.35,"problem_graded","browser",NA,NA,NA,NA,NA
"course-v1:MITxPRO+AMxB+1T2018","A1195730","58bc915ba85341b48f20266cd8bf3050","problem+block","2018-06-04 17:58:33",0,"problem_graded","browser",NA,NA,NA,NA,NA
"course-v1:MITxPRO+AMxB+1T2018","A1195730","58bc915ba85341b48f20266cd8bf3050","problem+block","2018-06-04 17:58:33",0.183333333333333,"problem_check","server","block-v1:MITxPRO+AMxB+1T2018+type@problem+block@58bc915ba85341b48f20266cd8bf3050",1,1,1,"correct"
"course-v1:MITxPRO+AMxB+1T2018","A1195730","ac3271c843024f538cfe21e21a0504e4","problem+block","2018-06-04 17:58:44",0,"problem_check","server","block-v1:MITxPRO+AMxB+1T2018+type@problem+block@ac3271c843024f538cfe21e21a0504e4",1,0,1,"incorrect"
"course-v1:MITxPRO+AMxB+1T2018","A1195730","ac3271c843024f538cfe21e21a0504e4","problem+block","2018-06-04 17:58:44",0.05,"problem_graded","browser",NA,NA,NA,NA,NA
"course-v1:MITxPRO+AMxB+1T2018","A1195730","ac3271c843024f538cfe21e21a0504e4","problem+block","2018-06-04 17:58:47",0,"problem_check","server","block-v1:MITxPRO+AMxB+1T2018+type@problem+block@ac3271c843024f538cfe21e21a0504e4",2,1,1,"correct"
"course-v1:MITxPRO+AMxB+1T2018","A1195730","ac3271c843024f538cfe21e21a0504e4","problem+block","2018-06-04 17:58:47",0.316666666666667,"problem_graded","browser",NA,NA,NA,NA,NA
"course-v1:MITxPRO+AMxB+1T2018","A1195730","123565b06983431e9889eac59f1c0f7b","problem+block","2018-06-04 17:59:06",0,"problem_check","server","block-v1:MITxPRO+AMxB+1T2018+type@problem+block@123565b06983431e9889eac59f1c0f7b",1,0,1,"incorrect"
"course-v1:MITxPRO+AMxB+1T2018","A1195730","123565b06983431e9889eac59f1c0f7b","problem+block","2018-06-04 17:59:06",0.116666666666667,"problem_graded","browser",NA,NA,NA,NA,NA
"course-v1:MITxPRO+AMxB+1T2018","A1195730","123565b06983431e9889eac59f1c0f7b","problem+block","2018-06-04 17:59:13",0,"problem_graded","browser",NA,NA,NA,NA,NA
"course-v1:MITxPRO+AMxB+1T2018","A1195730","123565b06983431e9889eac59f1c0f7b","problem+block","2018-06-04 17:59:13",0.0333333333333333,"problem_check","server","block-v1:MITxPRO+AMxB+1T2018+type@problem+block@123565b06983431e9889eac59f1c0f7b",2,0,1,"incorrect"
"course-v1:MITxPRO+AMxB+1T2018","A1195730","123565b06983431e9889eac59f1c0f7b","problem+block","2018-06-04 17:59:15",0.366666666666667,"problem_show","browser",NA,NA,NA,NA,NA
"course-v1:MITxPRO+AMxB+1T2018","A1195730","44a49f1cf12f41508cd0ed01b3633f1d","problem+block","2018-06-04 17:59:37",0,"problem_graded","browser",NA,NA,NA,NA,NA
"course-v1:MITxPRO+AMxB+1T2018","A1195730","44a49f1cf12f41508cd0ed01b3633f1d","problem+block","2018-06-04 17:59:37",0.1,"problem_check","server","block-v1:MITxPRO+AMxB+1T2018+type@problem+block@44a49f1cf12f41508cd0ed01b3633f1d",1,0,1,"incorrect"
"course-v1:MITxPRO+AMxB+1T2018","A1195730","44a49f1cf12f41508cd0ed01b3633f1d","problem+block","2018-06-04 17:59:43",0,"problem_check","server","block-v1:MITxPRO+AMxB+1T2018+type@problem+block@44a49f1cf12f41508cd0ed01b3633f1d",2,0,1,"incorrect"
"course-v1:MITxPRO+AMxB+1T2018","A1195730","44a49f1cf12f41508cd0ed01b3633f1d","problem+block","2018-06-04 17:59:43",0.0333333333333333,"problem_graded","browser",NA,NA,NA,NA,NA
"course-v1:MITxPRO+AMxB+1T2018","A1195730","44a49f1cf12f41508cd0ed01b3633f1d","problem+block","2018-06-04 17:59:45",0.133333333333333,"problem_show","browser",NA,NA,NA,NA,NA
"course-v1:MITxPRO+AMxB+1T2018","A1195730","61856830155142bcaeace6aa59bd78ff","html+block","2018-06-04 18:00:24",0,"mod_access","server",NA,NA,NA,NA,NA
"course-v1:MITxPRO+AMxB+1T2018","A1195730","21025d91f3cd4d4f858c2ec35764b5da","html+block","2018-06-04 18:00:24",0.4,"edx.ui.lms.link_clicked","browser",NA,NA,NA,NA,NA
"course-v1:MITxPRO+AMxB+1T2018","A1195730","21025d91f3cd4d4f858c2ec35764b5da","html+block","2018-06-04 18:00:48",0.133333333333333,"seq_next","browser",NA,NA,NA,NA,NA
"course-v1:MITxPRO+AMxB+1T2018","A1195730","1ed230eb23af43aab786739fdd13ea89","problem+block","2018-06-04 18:00:56",0,"problem_check","server","block-v1:MITxPRO+AMxB+1T2018+type@problem+block@1ed230eb23af43aab786739fdd13ea89",1,0,1,"incorrect"
"course-v1:MITxPRO+AMxB+1T2018","A1195730","1ed230eb23af43aab786739fdd13ea89","problem+block","2018-06-04 18:00:56",0.3,"problem_graded","browser",NA,NA,NA,NA,NA
"course-v1:MITxPRO+AMxB+1T2018","A1195730","57aea84c635d4c42bdea24fcad7ddc04","problem+block","2018-06-04 18:01:14",0.0166666666666667,"problem_check","server","block-v1:MITxPRO+AMxB+1T2018+type@problem+block@57aea84c635d4c42bdea24fcad7ddc04",1,0,1,"incorrect"
"course-v1:MITxPRO+AMxB+1T2018","A1195730","57aea84c635d4c42bdea24fcad7ddc04","problem+block","2018-06-04 18:01:15",0.0666666666666667,"problem_graded","browser",NA,NA,NA,NA,NA
"course-v1:MITxPRO+AMxB+1T2018","A1195730","57aea84c635d4c42bdea24fcad7ddc04","problem+block","2018-06-04 18:01:19",0.0166666666666667,"problem_check","server","block-v1:MITxPRO+AMxB+1T2018+type@problem+block@57aea84c635d4c42bdea24fcad7ddc04",2,0,1,"incorrect"
"course-v1:MITxPRO+AMxB+1T2018","A1195730","57aea84c635d4c42bdea24fcad7ddc04","problem+block","2018-06-04 18:01:20",0.0166666666666667,"problem_graded","browser",NA,NA,NA,NA,NA
"course-v1:MITxPRO+AMxB+1T2018","A1195730","57aea84c635d4c42bdea24fcad7ddc04","problem+block","2018-06-04 18:01:21",0.216666666666667,"problem_show","browser",NA,NA,NA,NA,NA
"course-v1:MITxPRO+AMxB+1T2018","A1195730","7caa315a66164f50bd8b97b0f43dba18","problem+block","2018-06-04 18:01:34",0,"problem_check","server","block-v1:MITxPRO+AMxB+1T2018+type@problem+block@7caa315a66164f50bd8b97b0f43dba18",1,0,1,"incorrect"
"course-v1:MITxPRO+AMxB+1T2018","A1195730","7caa315a66164f50bd8b97b0f43dba18","problem+block","2018-06-04 18:01:34",0.283333333333333,"problem_graded","browser",NA,NA,NA,NA,NA
"course-v1:MITxPRO+AMxB+1T2018","A1195730","aef4930d74cd48de8d774741083e54bc","problem+block","2018-06-04 18:01:51",0,"problem_graded","browser",NA,NA,NA,NA,NA
"course-v1:MITxPRO+AMxB+1T2018","A1195730","aef4930d74cd48de8d774741083e54bc","problem+block","2018-06-04 18:01:51",0.05,"problem_check","server","block-v1:MITxPRO+AMxB+1T2018+type@problem+block@aef4930d74cd48de8d774741083e54bc",1,0,1,"incorrect"
"course-v1:MITxPRO+AMxB+1T2018","A1195730","aef4930d74cd48de8d774741083e54bc","problem+block","2018-06-04 18:01:54",0,"problem_check","server","block-v1:MITxPRO+AMxB+1T2018+type@problem+block@aef4930d74cd48de8d774741083e54bc",2,0,1,"incorrect"
"course-v1:MITxPRO+AMxB+1T2018","A1195730","aef4930d74cd48de8d774741083e54bc","problem+block","2018-06-04 18:01:54",0.0333333333333333,"problem_graded","browser",NA,NA,NA,NA,NA
"course-v1:MITxPRO+AMxB+1T2018","A1195730","aef4930d74cd48de8d774741083e54bc","problem+block","2018-06-04 18:01:56",0.583333333333333,"problem_show","browser",NA,NA,NA,NA,NA
"course-v1:MITxPRO+AMxB+1T2018","A1195730","c15d118c7742410aa670b99d4f796785","problem+block","2018-06-04 18:02:31",0,"problem_check","server","block-v1:MITxPRO+AMxB+1T2018+type@problem+block@c15d118c7742410aa670b99d4f796785",1,1,1,"correct"
"course-v1:MITxPRO+AMxB+1T2018","A1195730","c15d118c7742410aa670b99d4f796785","problem+block","2018-06-04 18:02:31",0.55,"problem_graded","browser",NA,NA,NA,NA,NA
"course-v1:MITxPRO+AMxB+1T2018","A1195730","d4351e91190f4e08b308ceb76aa5cf06","problem+block","2018-06-04 18:03:04",0,"problem_check","server","block-v1:MITxPRO+AMxB+1T2018+type@problem+block@d4351e91190f4e08b308ceb76aa5cf06",1,0,1,"incorrect"
"course-v1:MITxPRO+AMxB+1T2018","A1195730","d4351e91190f4e08b308ceb76aa5cf06","problem+block","2018-06-04 18:03:04",0.0666666666666667,"problem_graded","browser",NA,NA,NA,NA,NA
"course-v1:MITxPRO+AMxB+1T2018","A1195730","d4351e91190f4e08b308ceb76aa5cf06","problem+block","2018-06-04 18:03:08",0.0166666666666667,"problem_check","server","block-v1:MITxPRO+AMxB+1T2018+type@problem+block@d4351e91190f4e08b308ceb76aa5cf06",2,1,1,"correct"
"course-v1:MITxPRO+AMxB+1T2018","A1195730","d4351e91190f4e08b308ceb76aa5cf06","problem+block","2018-06-04 18:03:09",0.0833333333333333,"problem_graded","browser",NA,NA,NA,NA,NA
"course-v1:MITxPRO+AMxB+1T2018","A1195730","5f4a737d4d744b21a68e7f81caaaa00c","problem+block","2018-06-04 18:04:27",0.0166666666666667,"edx.ui.lms.link_clicked","browser",NA,NA,NA,NA,NA
"course-v1:MITxPRO+AMxB+1T2018","A1195730","5f4a737d4d744b21a68e7f81caaaa00c","problem+block","2018-06-04 18:04:28",0.35,"mod_access","server",NA,NA,NA,NA,NA
"course-v1:MITxPRO+AMxB+1T2018","A1195730","5f4a737d4d744b21a68e7f81caaaa00c","problem+block","2018-06-04 18:04:49",0,"problem_check","server","block-v1:MITxPRO+AMxB+1T2018+type@problem+block@5f4a737d4d744b21a68e7f81caaaa00c",1,0,1,"incorrect"
"course-v1:MITxPRO+AMxB+1T2018","A1195730","5f4a737d4d744b21a68e7f81caaaa00c","problem+block","2018-06-04 18:04:49",0.1,"problem_graded","browser",NA,NA,NA,NA,NA
"course-v1:MITxPRO+AMxB+1T2018","A1195730","5f4a737d4d744b21a68e7f81caaaa00c","problem+block","2018-06-04 18:04:55",0,"problem_graded","browser",NA,NA,NA,NA,NA
"course-v1:MITxPRO+AMxB+1T2018","A1195730","5f4a737d4d744b21a68e7f81caaaa00c","problem+block","2018-06-04 18:04:55",0.0333333333333333,"problem_check","server","block-v1:MITxPRO+AMxB+1T2018+type@problem+block@5f4a737d4d744b21a68e7f81caaaa00c",2,0,1,"incorrect"
"course-v1:MITxPRO+AMxB+1T2018","A1195730","5f4a737d4d744b21a68e7f81caaaa00c","problem+block","2018-06-04 18:04:57",54.4166666666667,"problem_show","browser",NA,NA,NA,NA,NA
"course-v1:MITxPRO+AMxB+1T2018","A1195730","cd8f0da1ce0040ce994e2bf3c1a061fa","problem+block","2018-06-04 18:59:22",0,"problem_check","server","block-v1:MITxPRO+AMxB+1T2018+type@problem+block@cd8f0da1ce0040ce994e2bf3c1a061fa",1,1,1,"correct"
"course-v1:MITxPRO+AMxB+1T2018","A1195730","cd8f0da1ce0040ce994e2bf3c1a061fa","problem+block","2018-06-04 18:59:22",2.16666666666667,"problem_graded","browser",NA,NA,NA,NA,NA
"course-v1:MITxPRO+AMxB+1T2018","A1195730","455f653fdfbb43baabd2860fcd435d8e","problem+block","2018-06-04 19:01:32",0,"problem_graded","browser",NA,NA,NA,NA,NA
"course-v1:MITxPRO+AMxB+1T2018","A1195730","455f653fdfbb43baabd2860fcd435d8e","problem+block","2018-06-04 19:01:32",0.05,"problem_check","server","block-v1:MITxPRO+AMxB+1T2018+type@problem+block@455f653fdfbb43baabd2860fcd435d8e",1,0,1,"incorrect"
"course-v1:MITxPRO+AMxB+1T2018","A1195730","455f653fdfbb43baabd2860fcd435d8e","problem+block","2018-06-04 19:01:35",0.0166666666666667,"problem_check","server","block-v1:MITxPRO+AMxB+1T2018+type@problem+block@455f653fdfbb43baabd2860fcd435d8e",2,0,1,"incorrect"
"course-v1:MITxPRO+AMxB+1T2018","A1195730","455f653fdfbb43baabd2860fcd435d8e","problem+block","2018-06-04 19:01:36",0.0333333333333333,"problem_graded","browser",NA,NA,NA,NA,NA
"course-v1:MITxPRO+AMxB+1T2018","A1195730","455f653fdfbb43baabd2860fcd435d8e","problem+block","2018-06-04 19:01:38",3.56666666666667,"problem_show","browser",NA,NA,NA,NA,NA
"course-v1:MITxPRO+AMxB+1T2018","A1195730","9266f5048e2648e8a0dcea19009c7c92","problem+block","2018-06-04 19:05:12",0,"problem_graded","browser",NA,NA,NA,NA,NA
"course-v1:MITxPRO+AMxB+1T2018","A1195730","9266f5048e2648e8a0dcea19009c7c92","problem+block","2018-06-04 19:05:12",0.05,"problem_check","server","block-v1:MITxPRO+AMxB+1T2018+type@problem+block@9266f5048e2648e8a0dcea19009c7c92",1,1,1,"correct"
"course-v1:MITxPRO+AMxB+1T2018","A1195730","5f4a737d4d744b21a68e7f81caaaa00c","problem+block","2018-06-05 20:05:27",0.133333333333333,"mod_access","server",NA,NA,NA,NA,NA
"course-v1:MITxPRO+AMxB+1T2018","A1195730","5f4a737d4d744b21a68e7f81caaaa00c","problem+block","2018-06-06 18:30:13",0.116666666666667,"mod_access","server",NA,NA,NA,NA,NA
"course-v1:MITxPRO+AMxB+1T2018","A1195730","5f4a737d4d744b21a68e7f81caaaa00c","problem+block","2018-06-07 17:20:21",0.1,"mod_access","server",NA,NA,NA,NA,NA
"course-v1:MITxPRO+AMxB+1T2018","A1195730","1c264c5f7377466b9165af2037ec7924","html+block","2018-06-07 20:41:15",0.0166666666666667,"edx.ui.lms.link_clicked","browser",NA,NA,NA,NA,NA
"course-v1:MITxPRO+AMxB+1T2018","A1195730","1c264c5f7377466b9165af2037ec7924","html+block","2018-06-07 20:41:16",0.05,"mod_access","server",NA,NA,NA,NA,NA
"course-v1:MITxPRO+AMxB+1T2018","A1195730","a122be78c0d543548d7ba0efee3b9203","openassessment+block","2018-06-07 20:41:19",0.0166666666666667,"mod_access","server",NA,NA,NA,NA,NA
"course-v1:MITxPRO+AMxB+1T2018","A1195730","a122be78c0d543548d7ba0efee3b9203","openassessment+block","2018-06-07 20:41:20",0,"mod_access","server",NA,NA,NA,NA,NA
"course-v1:MITxPRO+AMxB+1T2018","A1195730","a122be78c0d543548d7ba0efee3b9203","openassessment+block","2018-06-07 20:41:20",0,"mod_access","server",NA,NA,NA,NA,NA
"course-v1:MITxPRO+AMxB+1T2018","A1195730","a122be78c0d543548d7ba0efee3b9203","openassessment+block","2018-06-07 20:41:20",0,"mod_access","server",NA,NA,NA,NA,NA
"course-v1:MITxPRO+AMxB+1T2018","A1195730","a122be78c0d543548d7ba0efee3b9203","openassessment+block","2018-06-07 20:41:20",0,"mod_access","server",NA,NA,NA,NA,NA
"course-v1:MITxPRO+AMxB+1T2018","A1195730","a122be78c0d543548d7ba0efee3b9203","openassessment+block","2018-06-07 20:41:20",0,"mod_access","server",NA,NA,NA,NA,NA
"course-v1:MITxPRO+AMxB+1T2018","A1195730","a122be78c0d543548d7ba0efee3b9203","openassessment+block","2018-06-07 20:41:20",0,"mod_access","server",NA,NA,NA,NA,NA
"course-v1:MITxPRO+AMxB+1T2018","A1195730","a122be78c0d543548d7ba0efee3b9203","openassessment+block","2018-06-07 20:41:20",1.68333333333333,"mod_access","server",NA,NA,NA,NA,NA
"course-v1:MITxPRO+AMxB+1T2018","A1195730","5bdb6e60ab5c477f9244243bacb6c984","html+block","2018-06-08 17:58:37",0.0166666666666667,"edx.ui.lms.link_clicked","browser",NA,NA,NA,NA,NA
"course-v1:MITxPRO+AMxB+1T2018","A1195730","5bdb6e60ab5c477f9244243bacb6c984","html+block","2018-06-08 17:58:38",2.61666666666667,"mod_access","server",NA,NA,NA,NA,NA
"course-v1:MITxPRO+AMxB+1T2018","A1195730","5bdb6e60ab5c477f9244243bacb6c984","html+block","2018-06-08 18:01:57",0.0166666666666667,"edx.ui.lms.link_clicked","browser",NA,NA,NA,NA,NA
"course-v1:MITxPRO+AMxB+1T2018","A1195730","5bdb6e60ab5c477f9244243bacb6c984","html+block","2018-06-08 18:01:58",0.366666666666667,"mod_access","server",NA,NA,NA,NA,NA
"course-v1:MITxPRO+AMxB+1T2018","A1195730","d538c2a9c6004cc3b62a2514ff7d24f5","html+block","2018-06-08 18:02:29",0,"edx.ui.lms.link_clicked","browser",NA,NA,NA,NA,NA
"course-v1:MITxPRO+AMxB+1T2018","A1195730","d538c2a9c6004cc3b62a2514ff7d24f5","html+block","2018-06-08 18:02:29",6.03333333333333,"mod_access","server",NA,NA,NA,NA,NA
"course-v1:MITxPRO+AMxB+1T2018","A1195730","1dc93dd0b4a4496884b7a642e928e9d2","html+block","2018-06-15 20:33:21",0.05,"mod_access","server",NA,NA,NA,NA,NA
"course-v1:MITxPRO+AMxB+1T2018","A1195730","134da9dee6614b159e933f632fc9246b","openassessment+block","2018-06-15 20:33:24",0,"mod_access","server",NA,NA,NA,NA,NA
"course-v1:MITxPRO+AMxB+1T2018","A1195730","134da9dee6614b159e933f632fc9246b","openassessment+block","2018-06-15 20:33:24",0.0166666666666667,"mod_access","server",NA,NA,NA,NA,NA
"course-v1:MITxPRO+AMxB+1T2018","A1195730","134da9dee6614b159e933f632fc9246b","openassessment+block","2018-06-15 20:33:25",0,"mod_access","server",NA,NA,NA,NA,NA
"course-v1:MITxPRO+AMxB+1T2018","A1195730","134da9dee6614b159e933f632fc9246b","openassessment+block","2018-06-15 20:33:25",0,"mod_access","server",NA,NA,NA,NA,NA
"course-v1:MITxPRO+AMxB+1T2018","A1195730","134da9dee6614b159e933f632fc9246b","openassessment+block","2018-06-15 20:33:25",0,"mod_access","server",NA,NA,NA,NA,NA
"course-v1:MITxPRO+AMxB+1T2018","A1195730","134da9dee6614b159e933f632fc9246b","openassessment+block","2018-06-15 20:33:25",0,"mod_access","server",NA,NA,NA,NA,NA
"course-v1:MITxPRO+AMxB+1T2018","A1195730","134da9dee6614b159e933f632fc9246b","openassessment+block","2018-06-15 20:33:25",0,"mod_access","server",NA,NA,NA,NA,NA
"course-v1:MITxPRO+AMxB+1T2018","A1195730","134da9dee6614b159e933f632fc9246b","openassessment+block","2018-06-15 20:33:25",1.05,"mod_access","server",NA,NA,NA,NA,NA
"course-v1:MITxPRO+AMxB+1T2018","A1195730","66e3bd0917b64e4e96809be332b6d1a2","html+block","2018-06-15 20:37:22",0,"mod_access","server",NA,NA,NA,NA,NA
"course-v1:MITxPRO+AMxB+1T2018","A1195730","66e3bd0917b64e4e96809be332b6d1a2","html+block","2018-06-15 20:37:22",0.0666666666666667,"edx.ui.lms.link_clicked","browser",NA,NA,NA,NA,NA
"course-v1:MITxPRO+AMxB+1T2018","A1195730","504d2512a7124c439fd2861dbf720058","openassessment+block","2018-06-15 20:37:26",0,"mod_access","server",NA,NA,NA,NA,NA
"course-v1:MITxPRO+AMxB+1T2018","A1195730","504d2512a7124c439fd2861dbf720058","openassessment+block","2018-06-15 20:37:26",0,"mod_access","server",NA,NA,NA,NA,NA
"course-v1:MITxPRO+AMxB+1T2018","A1195730","504d2512a7124c439fd2861dbf720058","openassessment+block","2018-06-15 20:37:26",0,"mod_access","server",NA,NA,NA,NA,NA
"course-v1:MITxPRO+AMxB+1T2018","A1195730","504d2512a7124c439fd2861dbf720058","openassessment+block","2018-06-15 20:37:26",0,"mod_access","server",NA,NA,NA,NA,NA
"course-v1:MITxPRO+AMxB+1T2018","A1195730","504d2512a7124c439fd2861dbf720058","openassessment+block","2018-06-15 20:37:26",0,"mod_access","server",NA,NA,NA,NA,NA
"course-v1:MITxPRO+AMxB+1T2018","A1195730","504d2512a7124c439fd2861dbf720058","openassessment+block","2018-06-15 20:37:26",0,"mod_access","server",NA,NA,NA,NA,NA
"course-v1:MITxPRO+AMxB+1T2018","A1195730","504d2512a7124c439fd2861dbf720058","openassessment+block","2018-06-15 20:37:26",0,"mod_access","server",NA,NA,NA,NA,NA
"course-v1:MITxPRO+AMxB+1T2018","A1195730","504d2512a7124c439fd2861dbf720058","openassessment+block","2018-06-15 20:37:26",0.05,"mod_access","server",NA,NA,NA,NA,NA
"course-v1:MITxPRO+AMxB+1T2018","A1195730","253c3d95e42f47a192997f25c3fd5881","html+block","2018-07-02 20:20:36",0,"edx.ui.lms.link_clicked","browser",NA,NA,NA,NA,NA
"course-v1:MITxPRO+AMxB+1T2018","A1195730","253c3d95e42f47a192997f25c3fd5881","html+block","2018-07-02 20:20:36",9.28333333333333,"mod_access","server",NA,NA,NA,NA,NA
"course-v1:MITxPRO+AMxB+1T2018","A1195730","253c3d95e42f47a192997f25c3fd5881","html+block","2018-07-02 20:29:53",0.1,"seq_next","browser",NA,NA,NA,NA,NA
"course-v1:MITxPRO+AMxB+1T2018","A1195730","7d262be6d9b74836b47447db1b70289d","problem+block","2018-07-02 20:29:59",0,"problem_check","server","block-v1:MITxPRO+AMxB+1T2018+type@problem+block@7d262be6d9b74836b47447db1b70289d",1,1,1,"correct"
"course-v1:MITxPRO+AMxB+1T2018","A1195730","7d262be6d9b74836b47447db1b70289d","problem+block","2018-07-02 20:29:59",0.1,"problem_graded","browser",NA,NA,NA,NA,NA
