"course_id","user_id","mod_hex_id","module_type","time","period","event_type","event_source","problem_id","attempts","grade","max_grade","success"
"course-v1:MITxPRO+AMxB+1T2018","A123852","401ee1f6f3684be7b6124490f34adc5a","html+block","2018-05-02 02:50:50",0,"mod_access","server",NA,NA,NA,NA,NA
"course-v1:MITxPRO+AMxB+1T2018","A123852","401ee1f6f3684be7b6124490f34adc5a","html+block","2018-05-02 22:48:10",0.45,"mod_access","server",NA,NA,NA,NA,NA
"course-v1:MITxPRO+AMxB+1T2018","A123852","401ee1f6f3684be7b6124490f34adc5a","html+block","2018-05-02 22:48:37",0.0166666666666667,"edx.ui.lms.link_clicked","browser",NA,NA,NA,NA,NA
"course-v1:MITxPRO+AMxB+1T2018","A123852","401ee1f6f3684be7b6124490f34adc5a","html+block","2018-05-02 22:49:01",0.0166666666666667,"edx.ui.lms.link_clicked","browser",NA,NA,NA,NA,NA
"course-v1:MITxPRO+AMxB+1T2018","A123852","401ee1f6f3684be7b6124490f34adc5a","html+block","2018-05-02 22:49:02",6.95,"mod_access","server",NA,NA,NA,NA,NA
"course-v1:MITxPRO+AMxB+1T2018","A123852","27bf430c96cb4d8da7368c4697de187b","html+block","2018-05-02 22:55:59",0,"mod_access","server",NA,NA,NA,NA,NA
"course-v1:MITxPRO+AMxB+1T2018","A123852","401ee1f6f3684be7b6124490f34adc5a","html+block","2018-05-02 22:55:59",0.0166666666666667,"edx.ui.lms.sequence.next_selected","browser",NA,NA,NA,NA,NA
"course-v1:MITxPRO+AMxB+1T2018","A123852","401ee1f6f3684be7b6124490f34adc5a","html+block","2018-05-02 22:59:58",0,"mod_access","server",NA,NA,NA,NA,NA
"course-v1:MITxPRO+AMxB+1T2018","A123852","401ee1f6f3684be7b6124490f34adc5a","html+block","2018-05-02 22:59:58",0.216666666666667,"edx.ui.lms.link_clicked","browser",NA,NA,NA,NA,NA
"course-v1:MITxPRO+AMxB+1T2018","A123852","401ee1f6f3684be7b6124490f34adc5a","html+block","2018-05-02 23:00:21",0,"edx.ui.lms.link_clicked","browser",NA,NA,NA,NA,NA
"course-v1:MITxPRO+AMxB+1T2018","A123852","401ee1f6f3684be7b6124490f34adc5a","html+block","2018-05-02 23:00:21",0.0166666666666667,"mod_access","server",NA,NA,NA,NA,NA
"course-v1:MITxPRO+AMxB+1T2018","A123852","401ee1f6f3684be7b6124490f34adc5a","html+block","2018-05-02 23:00:22",0.133333333333333,"mod_access","server",NA,NA,NA,NA,NA
"course-v1:MITxPRO+AMxB+1T2018","A123852","27bf430c96cb4d8da7368c4697de187b","html+block","2018-05-03 00:04:09",0.216666666666667,"seq_next","browser",NA,NA,NA,NA,NA
"course-v1:MITxPRO+AMxB+1T2018","A123852","9b9fc7fd30954d7d9ad7d8f8e1cc11d8","problem+block","2018-05-03 00:04:22",0,"problem_graded","browser",NA,NA,NA,NA,NA
"course-v1:MITxPRO+AMxB+1T2018","A123852","9b9fc7fd30954d7d9ad7d8f8e1cc11d8","problem+block","2018-05-03 00:04:22",0.05,"problem_check","server","block-v1:MITxPRO+AMxB+1T2018+type@problem+block@9b9fc7fd30954d7d9ad7d8f8e1cc11d8",1,1,1,"correct"
"course-v1:MITxPRO+AMxB+1T2018","A123852","27bf430c96cb4d8da7368c4697de187b","html+block","2018-05-03 00:04:25",0,"edx.ui.lms.sequence.next_selected","browser",NA,NA,NA,NA,NA
"course-v1:MITxPRO+AMxB+1T2018","A123852","04d85100616943f8a3d2b084f403ba5f","html+block","2018-05-03 00:04:25",0.0333333333333333,"mod_access","server",NA,NA,NA,NA,NA
"course-v1:MITxPRO+AMxB+1T2018","A123852","d538c2a9c6004cc3b62a2514ff7d24f5","html+block","2018-05-03 00:07:37",0,"mod_access","server",NA,NA,NA,NA,NA
"course-v1:MITxPRO+AMxB+1T2018","A123852","04d85100616943f8a3d2b084f403ba5f","html+block","2018-05-03 00:07:37",0.0166666666666667,"edx.ui.lms.sequence.next_selected","browser",NA,NA,NA,NA,NA
"course-v1:MITxPRO+AMxB+1T2018","A123852","ea676035d8d84252b7c2c117a74dfe5d","html+block","2018-05-03 00:12:05",0,"mod_access","server",NA,NA,NA,NA,NA
"course-v1:MITxPRO+AMxB+1T2018","A123852","d538c2a9c6004cc3b62a2514ff7d24f5","html+block","2018-05-03 00:12:05",0.0166666666666667,"edx.ui.lms.sequence.next_selected","browser",NA,NA,NA,NA,NA
"course-v1:MITxPRO+AMxB+1T2018","A123852","ea676035d8d84252b7c2c117a74dfe5d","html+block","2018-05-03 00:13:55",2.33333333333333,"seq_next","browser",NA,NA,NA,NA,NA
"course-v1:MITxPRO+AMxB+1T2018","A123852","ea676035d8d84252b7c2c117a74dfe5d","html+block","2018-05-03 00:16:15",0,"edx.ui.lms.sequence.next_selected","browser",NA,NA,NA,NA,NA
"course-v1:MITxPRO+AMxB+1T2018","A123852","53e13f644d1f4c73ba7f5bfd8020e71f","html+block","2018-05-03 00:16:15",0.0166666666666667,"mod_access","server",NA,NA,NA,NA,NA
"course-v1:MITxPRO+AMxB+1T2018","A123852","2f6febb9f2514c06827aa6a4bfe1e69d","html+block","2018-05-03 00:20:48",0,"mod_access","server",NA,NA,NA,NA,NA
"course-v1:MITxPRO+AMxB+1T2018","A123852","53e13f644d1f4c73ba7f5bfd8020e71f","html+block","2018-05-03 00:20:48",0.0333333333333333,"edx.ui.lms.sequence.next_selected","browser",NA,NA,NA,NA,NA
"course-v1:MITxPRO+AMxB+1T2018","A123852","2f6febb9f2514c06827aa6a4bfe1e69d","html+block","2018-05-03 00:21:57",1.08333333333333,"seq_next","browser",NA,NA,NA,NA,NA
"course-v1:MITxPRO+AMxB+1T2018","A123852","a67e937f9f1941a9bb6052316e2f2fc4","html+block","2018-05-03 00:23:02",0.05,"seq_next","browser",NA,NA,NA,NA,NA
"course-v1:MITxPRO+AMxB+1T2018","A123852","e42dc56d1f8d46ef902e3d38a93e0324","html+block","2018-05-03 00:23:05",0.283333333333333,"seq_next","browser",NA,NA,NA,NA,NA
"course-v1:MITxPRO+AMxB+1T2018","A123852","2f6febb9f2514c06827aa6a4bfe1e69d","html+block","2018-05-03 00:23:22",0,"edx.ui.lms.sequence.next_selected","browser",NA,NA,NA,NA,NA
"course-v1:MITxPRO+AMxB+1T2018","A123852","5bdb6e60ab5c477f9244243bacb6c984","html+block","2018-05-03 00:23:22",0.0166666666666667,"mod_access","server",NA,NA,NA,NA,NA
"course-v1:MITxPRO+AMxB+1T2018","A123852","5bdb6e60ab5c477f9244243bacb6c984","html+block","2018-05-03 00:24:30",0.5,"seq_next","browser",NA,NA,NA,NA,NA
"course-v1:MITxPRO+AMxB+1T2018","A123852","5bdb6e60ab5c477f9244243bacb6c984","html+block","2018-05-03 00:25:00",0.0166666666666667,"edx.ui.lms.sequence.next_selected","browser",NA,NA,NA,NA,NA
"course-v1:MITxPRO+AMxB+1T2018","A123852","20c18c18d1424607bd03030afc0dabc9","html+block","2018-05-03 00:25:01",0.0166666666666667,"mod_access","server",NA,NA,NA,NA,NA
"course-v1:MITxPRO+AMxB+1T2018","A123852","fe15037ed0db47ee8afde8f7847b94e6","html+block","2018-05-03 00:25:54",0,"mod_access","server",NA,NA,NA,NA,NA
"course-v1:MITxPRO+AMxB+1T2018","A123852","20c18c18d1424607bd03030afc0dabc9","html+block","2018-05-03 00:25:54",0.0166666666666667,"edx.ui.lms.sequence.next_selected","browser",NA,NA,NA,NA,NA
"course-v1:MITxPRO+AMxB+1T2018","A123852","fe15037ed0db47ee8afde8f7847b94e6","html+block","2018-05-03 00:27:25",0.15,"seq_next","browser",NA,NA,NA,NA,NA
"course-v1:MITxPRO+AMxB+1T2018","A123852","fe15037ed0db47ee8afde8f7847b94e6","html+block","2018-05-03 00:27:34",0.0166666666666667,"edx.ui.lms.sequence.next_selected","browser",NA,NA,NA,NA,NA
"course-v1:MITxPRO+AMxB+1T2018","A123852","2c91f40c1d484adbbe41b43c1dd57fce","html+block","2018-05-03 00:27:35",0.0166666666666667,"mod_access","server",NA,NA,NA,NA,NA
"course-v1:MITxPRO+AMxB+1T2018","A123852","2060d250adb14c9eb7e7957c563678f0","html+block","2018-05-03 00:27:40",0,"mod_access","server",NA,NA,NA,NA,NA
"course-v1:MITxPRO+AMxB+1T2018","A123852","2c91f40c1d484adbbe41b43c1dd57fce","html+block","2018-05-03 00:27:40",0.0166666666666667,"edx.ui.lms.sequence.next_selected","browser",NA,NA,NA,NA,NA
"course-v1:MITxPRO+AMxB+1T2018","A123852","2bd1769f30ce460b8cf38f3b71207d38","html+block","2018-05-03 00:28:04",0,"mod_access","server",NA,NA,NA,NA,NA
"course-v1:MITxPRO+AMxB+1T2018","A123852","2060d250adb14c9eb7e7957c563678f0","html+block","2018-05-03 00:28:04",0.0333333333333333,"edx.ui.lms.sequence.next_selected","browser",NA,NA,NA,NA,NA
"course-v1:MITxPRO+AMxB+1T2018","A123852","b18bcca1d2984ccca2bbab4c41e85de5","video+block","2018-05-03 00:28:06",0.25,"mod_access","server",NA,NA,NA,NA,NA
"course-v1:MITxPRO+AMxB+1T2018","A123852","2bd1769f30ce460b8cf38f3b71207d38","html+block","2018-05-05 21:18:22",0.0333333333333333,"mod_access","server",NA,NA,NA,NA,NA
"course-v1:MITxPRO+AMxB+1T2018","A123852","b18bcca1d2984ccca2bbab4c41e85de5","video+block","2018-05-05 21:18:24",0.116666666666667,"mod_access","server",NA,NA,NA,NA,NA
"course-v1:MITxPRO+AMxB+1T2018","A123852","b18bcca1d2984ccca2bbab4c41e85de5","video+block","2018-05-05 21:18:31",5.5,"play_video","browser",NA,NA,NA,NA,NA
"course-v1:MITxPRO+AMxB+1T2018","A123852","b18bcca1d2984ccca2bbab4c41e85de5","video+block","2018-05-05 21:24:01",0.05,"play_video","browser",NA,NA,NA,NA,NA
"course-v1:MITxPRO+AMxB+1T2018","A123852","b18bcca1d2984ccca2bbab4c41e85de5","video+block","2018-05-05 21:24:04",0.0333333333333333,"play_video","browser",NA,NA,NA,NA,NA
"course-v1:MITxPRO+AMxB+1T2018","A123852","b18bcca1d2984ccca2bbab4c41e85de5","video+block","2018-05-05 21:24:06",0.0666666666666667,"play_video","browser",NA,NA,NA,NA,NA
"course-v1:MITxPRO+AMxB+1T2018","A123852","b18bcca1d2984ccca2bbab4c41e85de5","video+block","2018-05-05 21:24:17",0.15,"play_video","browser",NA,NA,NA,NA,NA
"course-v1:MITxPRO+AMxB+1T2018","A123852","b18bcca1d2984ccca2bbab4c41e85de5","video+block","2018-05-05 21:24:26",0.0333333333333333,"play_video","browser",NA,NA,NA,NA,NA
"course-v1:MITxPRO+AMxB+1T2018","A123852","b18bcca1d2984ccca2bbab4c41e85de5","video+block","2018-05-05 21:24:29",0.733333333333333,"play_video","browser",NA,NA,NA,NA,NA
"course-v1:MITxPRO+AMxB+1T2018","A123852","b18bcca1d2984ccca2bbab4c41e85de5","video+block","2018-05-05 21:25:15",0,"play_video","browser",NA,NA,NA,NA,NA
"course-v1:MITxPRO+AMxB+1T2018","A123852","b18bcca1d2984ccca2bbab4c41e85de5","video+block","2018-05-05 21:25:53",0,"mod_access","server",NA,NA,NA,NA,NA
"course-v1:MITxPRO+AMxB+1T2018","A123852","b18bcca1d2984ccca2bbab4c41e85de5","video+block","2018-05-05 21:25:53",0.183333333333333,"edx.ui.lms.link_clicked","browser",NA,NA,NA,NA,NA
"course-v1:MITxPRO+AMxB+1T2018","A123852","b18bcca1d2984ccca2bbab4c41e85de5","video+block","2018-05-05 21:26:04",0.0166666666666667,"edx.ui.lms.link_clicked","browser",NA,NA,NA,NA,NA
"course-v1:MITxPRO+AMxB+1T2018","A123852","b18bcca1d2984ccca2bbab4c41e85de5","video+block","2018-05-05 21:26:05",1.38333333333333,"mod_access","server",NA,NA,NA,NA,NA
"course-v1:MITxPRO+AMxB+1T2018","A123852","3763b9f526ae44f2ac2ac49749c15661","html+block","2018-05-05 21:27:28",0,"mod_access","server",NA,NA,NA,NA,NA
"course-v1:MITxPRO+AMxB+1T2018","A123852","2bd1769f30ce460b8cf38f3b71207d38","html+block","2018-05-05 21:27:28",0.0166666666666667,"edx.ui.lms.sequence.next_selected","browser",NA,NA,NA,NA,NA
"course-v1:MITxPRO+AMxB+1T2018","A123852","b10ef23438f9466882d17e3f0abd0149","video+block","2018-05-05 21:27:30",0.1,"mod_access","server",NA,NA,NA,NA,NA
"course-v1:MITxPRO+AMxB+1T2018","A123852","b10ef23438f9466882d17e3f0abd0149","video+block","2018-05-05 21:27:36",0.1,"play_video","browser",NA,NA,NA,NA,NA
"course-v1:MITxPRO+AMxB+1T2018","A123852","b10ef23438f9466882d17e3f0abd0149","video+block","2018-05-05 21:27:42",0,"edx.ui.lms.link_clicked","browser",NA,NA,NA,NA,NA
"course-v1:MITxPRO+AMxB+1T2018","A123852","b10ef23438f9466882d17e3f0abd0149","video+block","2018-05-05 21:27:42",0.35,"mod_access","server",NA,NA,NA,NA,NA
"course-v1:MITxPRO+AMxB+1T2018","A123852","b10ef23438f9466882d17e3f0abd0149","video+block","2018-05-05 21:28:10",1.7,"play_video","browser",NA,NA,NA,NA,NA
"course-v1:MITxPRO+AMxB+1T2018","A123852","b10ef23438f9466882d17e3f0abd0149","video+block","2018-05-05 21:29:52",0.05,"play_video","browser",NA,NA,NA,NA,NA
"course-v1:MITxPRO+AMxB+1T2018","A123852","b10ef23438f9466882d17e3f0abd0149","video+block","2018-05-05 21:29:55",0.0333333333333333,"play_video","browser",NA,NA,NA,NA,NA
"course-v1:MITxPRO+AMxB+1T2018","A123852","b10ef23438f9466882d17e3f0abd0149","video+block","2018-05-05 21:29:57",1.95,"play_video","browser",NA,NA,NA,NA,NA
"course-v1:MITxPRO+AMxB+1T2018","A123852","3763b9f526ae44f2ac2ac49749c15661","html+block","2018-05-05 21:32:22",0.0333333333333333,"mod_access","server",NA,NA,NA,NA,NA
"course-v1:MITxPRO+AMxB+1T2018","A123852","b10ef23438f9466882d17e3f0abd0149","video+block","2018-05-05 21:32:24",0.216666666666667,"mod_access","server",NA,NA,NA,NA,NA
"course-v1:MITxPRO+AMxB+1T2018","A123852","b10ef23438f9466882d17e3f0abd0149","video+block","2018-05-05 21:32:37",0.133333333333333,"play_video","browser",NA,NA,NA,NA,NA
"course-v1:MITxPRO+AMxB+1T2018","A123852","b10ef23438f9466882d17e3f0abd0149","video+block","2018-05-05 21:32:45",0.0333333333333333,"play_video","browser",NA,NA,NA,NA,NA
"course-v1:MITxPRO+AMxB+1T2018","A123852","b10ef23438f9466882d17e3f0abd0149","video+block","2018-05-05 21:32:47",0.0333333333333333,"play_video","browser",NA,NA,NA,NA,NA
"course-v1:MITxPRO+AMxB+1T2018","A123852","b10ef23438f9466882d17e3f0abd0149","video+block","2018-05-05 21:32:49",0,"play_video","browser",NA,NA,NA,NA,NA
"course-v1:MITxPRO+AMxB+1T2018","A123852","b10ef23438f9466882d17e3f0abd0149","video+block","2018-05-05 21:32:50",0.0333333333333333,"play_video","browser",NA,NA,NA,NA,NA
"course-v1:MITxPRO+AMxB+1T2018","A123852","b10ef23438f9466882d17e3f0abd0149","video+block","2018-05-05 21:32:52",0.05,"play_video","browser",NA,NA,NA,NA,NA
"course-v1:MITxPRO+AMxB+1T2018","A123852","b10ef23438f9466882d17e3f0abd0149","video+block","2018-05-05 21:32:55",0,"play_video","browser",NA,NA,NA,NA,NA
"course-v1:MITxPRO+AMxB+1T2018","A123852","a137964dcca34365ba31a7563531e07b","problem+block","2018-05-05 21:46:20",0,"problem_check","server","block-v1:MITxPRO+AMxB+1T2018+type@problem+block@a137964dcca34365ba31a7563531e07b",1,1,1,"correct"
"course-v1:MITxPRO+AMxB+1T2018","A123852","a137964dcca34365ba31a7563531e07b","problem+block","2018-05-05 21:46:20",0.916666666666667,"problem_graded","browser",NA,NA,NA,NA,NA
"course-v1:MITxPRO+AMxB+1T2018","A123852","5fa68b182e974d6b82927d21dd4e4f9a","problem+block","2018-05-05 21:47:15",0,"problem_check","server","block-v1:MITxPRO+AMxB+1T2018+type@problem+block@5fa68b182e974d6b82927d21dd4e4f9a",1,1,1,"correct"
"course-v1:MITxPRO+AMxB+1T2018","A123852","5fa68b182e974d6b82927d21dd4e4f9a","problem+block","2018-05-05 21:47:15",2.13333333333333,"problem_graded","browser",NA,NA,NA,NA,NA
"course-v1:MITxPRO+AMxB+1T2018","A123852","b0a012fae6fe4eb0af63473d516476b7","problem+block","2018-05-05 21:49:23",0,"problem_graded","browser",NA,NA,NA,NA,NA
"course-v1:MITxPRO+AMxB+1T2018","A123852","b0a012fae6fe4eb0af63473d516476b7","problem+block","2018-05-05 21:49:23",0.233333333333333,"problem_check","server","block-v1:MITxPRO+AMxB+1T2018+type@problem+block@b0a012fae6fe4eb0af63473d516476b7",1,1,1,"correct"
"course-v1:MITxPRO+AMxB+1T2018","A123852","4be29d7cb0e4400887b4848365b47a4d","problem+block","2018-05-05 21:49:37",0,"problem_graded","browser",NA,NA,NA,NA,NA
"course-v1:MITxPRO+AMxB+1T2018","A123852","4be29d7cb0e4400887b4848365b47a4d","problem+block","2018-05-05 21:49:37",0.333333333333333,"problem_check","server","block-v1:MITxPRO+AMxB+1T2018+type@problem+block@4be29d7cb0e4400887b4848365b47a4d",1,1,1,"correct"
"course-v1:MITxPRO+AMxB+1T2018","A123852","8288c793632d4a81a50ef5e13bf8911c","problem+block","2018-05-05 21:49:57",0,"problem_graded","browser",NA,NA,NA,NA,NA
"course-v1:MITxPRO+AMxB+1T2018","A123852","8288c793632d4a81a50ef5e13bf8911c","problem+block","2018-05-05 21:49:57",0.25,"problem_check","server","block-v1:MITxPRO+AMxB+1T2018+type@problem+block@8288c793632d4a81a50ef5e13bf8911c",1,1,1,"correct"
"course-v1:MITxPRO+AMxB+1T2018","A123852","083e170a98cc47909270dde338cffbff","problem+block","2018-05-05 21:50:12",0,"problem_graded","browser",NA,NA,NA,NA,NA
"course-v1:MITxPRO+AMxB+1T2018","A123852","083e170a98cc47909270dde338cffbff","problem+block","2018-05-05 21:50:12",0.05,"problem_check","server","block-v1:MITxPRO+AMxB+1T2018+type@problem+block@083e170a98cc47909270dde338cffbff",1,1,1,"correct"
"course-v1:MITxPRO+AMxB+1T2018","A123852","3763b9f526ae44f2ac2ac49749c15661","html+block","2018-05-05 21:50:15",0.0166666666666667,"edx.ui.lms.sequence.next_selected","browser",NA,NA,NA,NA,NA
"course-v1:MITxPRO+AMxB+1T2018","A123852","043d02d4e89541cdb2c73ca0d2eca377","html+block","2018-05-05 21:50:16",0.0166666666666667,"mod_access","server",NA,NA,NA,NA,NA
"course-v1:MITxPRO+AMxB+1T2018","A123852","1ee01257a4174216a0bf6d64ad67decf","video+block","2018-05-05 21:50:18",0.416666666666667,"mod_access","server",NA,NA,NA,NA,NA
"course-v1:MITxPRO+AMxB+1T2018","A123852","1ee01257a4174216a0bf6d64ad67decf","video+block","2018-05-05 21:50:43",3.66666666666667,"play_video","browser",NA,NA,NA,NA,NA
"course-v1:MITxPRO+AMxB+1T2018","A123852","1ee01257a4174216a0bf6d64ad67decf","video+block","2018-05-05 21:54:30",0.2,"play_video","browser",NA,NA,NA,NA,NA
"course-v1:MITxPRO+AMxB+1T2018","A123852","1ee01257a4174216a0bf6d64ad67decf","video+block","2018-05-05 21:54:42",0,"play_video","browser",NA,NA,NA,NA,NA
"course-v1:MITxPRO+AMxB+1T2018","A123852","1ee01257a4174216a0bf6d64ad67decf","video+block","2018-05-05 22:00:06",0.15,"play_video","browser",NA,NA,NA,NA,NA
"course-v1:MITxPRO+AMxB+1T2018","A123852","1ee01257a4174216a0bf6d64ad67decf","video+block","2018-05-05 22:00:15",0,"play_video","browser",NA,NA,NA,NA,NA
"course-v1:MITxPRO+AMxB+1T2018","A123852","091e476b9c794d019c1660622a3a12f6","problem+block","2018-05-05 22:01:48",0,"problem_check","server","block-v1:MITxPRO+AMxB+1T2018+type@problem+block@091e476b9c794d019c1660622a3a12f6",1,0,1,"incorrect"
"course-v1:MITxPRO+AMxB+1T2018","A123852","091e476b9c794d019c1660622a3a12f6","problem+block","2018-05-05 22:01:48",0.0666666666666667,"problem_graded","browser",NA,NA,NA,NA,NA
"course-v1:MITxPRO+AMxB+1T2018","A123852","091e476b9c794d019c1660622a3a12f6","problem+block","2018-05-05 22:01:52",0,"problem_check","server","block-v1:MITxPRO+AMxB+1T2018+type@problem+block@091e476b9c794d019c1660622a3a12f6",2,1,1,"correct"
"course-v1:MITxPRO+AMxB+1T2018","A123852","091e476b9c794d019c1660622a3a12f6","problem+block","2018-05-05 22:01:52",0.933333333333333,"problem_graded","browser",NA,NA,NA,NA,NA
"course-v1:MITxPRO+AMxB+1T2018","A123852","d4f85f1570bf4ced82ef64cab4fa68f4","problem+block","2018-05-05 22:02:48",0.0166666666666667,"problem_check","server","block-v1:MITxPRO+AMxB+1T2018+type@problem+block@d4f85f1570bf4ced82ef64cab4fa68f4",1,1,1,"correct"
"course-v1:MITxPRO+AMxB+1T2018","A123852","d4f85f1570bf4ced82ef64cab4fa68f4","problem+block","2018-05-05 22:02:49",3.28333333333333,"problem_graded","browser",NA,NA,NA,NA,NA
"course-v1:MITxPRO+AMxB+1T2018","A123852","ca856b87daac457ab8b54e03644f4264","problem+block","2018-05-05 22:06:06",0.0166666666666667,"problem_check","server","block-v1:MITxPRO+AMxB+1T2018+type@problem+block@ca856b87daac457ab8b54e03644f4264",1,1,1,"correct"
"course-v1:MITxPRO+AMxB+1T2018","A123852","ca856b87daac457ab8b54e03644f4264","problem+block","2018-05-05 22:06:07",1.98333333333333,"problem_graded","browser",NA,NA,NA,NA,NA
"course-v1:MITxPRO+AMxB+1T2018","A123852","f0d9ed3b227a456f85ef40f79f56e546","problem+block","2018-05-05 22:08:06",0,"problem_check","server","block-v1:MITxPRO+AMxB+1T2018+type@problem+block@f0d9ed3b227a456f85ef40f79f56e546",1,1,1,"correct"
"course-v1:MITxPRO+AMxB+1T2018","A123852","f0d9ed3b227a456f85ef40f79f56e546","problem+block","2018-05-05 22:08:06",0.65,"problem_graded","browser",NA,NA,NA,NA,NA
"course-v1:MITxPRO+AMxB+1T2018","A123852","d59550403f9b49628189ff34f74d3b3d","problem+block","2018-05-05 22:08:45",0.0166666666666667,"problem_check","server","block-v1:MITxPRO+AMxB+1T2018+type@problem+block@d59550403f9b49628189ff34f74d3b3d",1,0,1,"incorrect"
"course-v1:MITxPRO+AMxB+1T2018","A123852","d59550403f9b49628189ff34f74d3b3d","problem+block","2018-05-05 22:08:46",1.75,"problem_graded","browser",NA,NA,NA,NA,NA
"course-v1:MITxPRO+AMxB+1T2018","A123852","432e2e03af924d10b164b60c5fcb86a1","problem+block","2018-05-05 22:10:31",0,"problem_check","server","block-v1:MITxPRO+AMxB+1T2018+type@problem+block@432e2e03af924d10b164b60c5fcb86a1",1,1,1,"correct"
"course-v1:MITxPRO+AMxB+1T2018","A123852","432e2e03af924d10b164b60c5fcb86a1","problem+block","2018-05-05 22:10:31",0.15,"problem_graded","browser",NA,NA,NA,NA,NA
"course-v1:MITxPRO+AMxB+1T2018","A123852","d59550403f9b49628189ff34f74d3b3d","problem+block","2018-05-05 22:10:40",0,"problem_graded","browser",NA,NA,NA,NA,NA
"course-v1:MITxPRO+AMxB+1T2018","A123852","d59550403f9b49628189ff34f74d3b3d","problem+block","2018-05-05 22:10:40",0.05,"problem_check","server","block-v1:MITxPRO+AMxB+1T2018+type@problem+block@d59550403f9b49628189ff34f74d3b3d",2,0,1,"incorrect"
"course-v1:MITxPRO+AMxB+1T2018","A123852","d59550403f9b49628189ff34f74d3b3d","problem+block","2018-05-05 22:10:43",0.25,"problem_show","browser",NA,NA,NA,NA,NA
"course-v1:MITxPRO+AMxB+1T2018","A123852","5fe15241fc4840f1a7fb294182265c39","html+block","2018-05-05 22:10:58",0,"mod_access","server",NA,NA,NA,NA,NA
"course-v1:MITxPRO+AMxB+1T2018","A123852","043d02d4e89541cdb2c73ca0d2eca377","html+block","2018-05-05 22:10:58",0.0166666666666667,"edx.ui.lms.sequence.next_selected","browser",NA,NA,NA,NA,NA
"course-v1:MITxPRO+AMxB+1T2018","A123852","f3cfda7ffa804facb0183da6497283a6","video+block","2018-05-05 22:11:00",0,"mod_access","server",NA,NA,NA,NA,NA
"course-v1:MITxPRO+AMxB+1T2018","A123852","f3cfda7ffa804facb0183da6497283a6","video+block","2018-05-05 22:14:06",4.01666666666667,"play_video","browser",NA,NA,NA,NA,NA
"course-v1:MITxPRO+AMxB+1T2018","A123852","d538c2a9c6004cc3b62a2514ff7d24f5","html+block","2018-05-08 22:50:40",1.93333333333333,"mod_access","server",NA,NA,NA,NA,NA
"course-v1:MITxPRO+AMxB+1T2018","A123852","5fe15241fc4840f1a7fb294182265c39","html+block","2018-05-08 22:52:43",0.05,"mod_access","server",NA,NA,NA,NA,NA
"course-v1:MITxPRO+AMxB+1T2018","A123852","f3cfda7ffa804facb0183da6497283a6","video+block","2018-05-08 22:52:46",6.53333333333333,"mod_access","server",NA,NA,NA,NA,NA
"course-v1:MITxPRO+AMxB+1T2018","A123852","5fe15241fc4840f1a7fb294182265c39","html+block","2018-05-08 22:59:18",0.216666666666667,"seq_next","browser",NA,NA,NA,NA,NA
"course-v1:MITxPRO+AMxB+1T2018","A123852","c69e8c4f31b84da1819bfbd83719e7d2","problem+block","2018-05-12 21:19:45",0.0166666666666667,"problem_check","server","block-v1:MITxPRO+AMxB+1T2018+type@problem+block@c69e8c4f31b84da1819bfbd83719e7d2",1,0,1,"incorrect"
"course-v1:MITxPRO+AMxB+1T2018","A123852","c69e8c4f31b84da1819bfbd83719e7d2","problem+block","2018-05-12 21:19:46",1.2,"problem_graded","browser",NA,NA,NA,NA,NA
"course-v1:MITxPRO+AMxB+1T2018","A123852","c69e8c4f31b84da1819bfbd83719e7d2","problem+block","2018-05-12 21:20:58",0,"problem_check","server","block-v1:MITxPRO+AMxB+1T2018+type@problem+block@c69e8c4f31b84da1819bfbd83719e7d2",2,0,1,"incorrect"
"course-v1:MITxPRO+AMxB+1T2018","A123852","c69e8c4f31b84da1819bfbd83719e7d2","problem+block","2018-05-12 21:20:58",0.0833333333333333,"problem_graded","browser",NA,NA,NA,NA,NA
"course-v1:MITxPRO+AMxB+1T2018","A123852","c69e8c4f31b84da1819bfbd83719e7d2","problem+block","2018-05-12 21:21:03",0.633333333333333,"problem_show","browser",NA,NA,NA,NA,NA
"course-v1:MITxPRO+AMxB+1T2018","A123852","b30f0577ae11446a85aff7721bcfcf2f","problem+block","2018-05-12 21:21:41",0,"problem_check","server","block-v1:MITxPRO+AMxB+1T2018+type@problem+block@b30f0577ae11446a85aff7721bcfcf2f",1,1,1,"correct"
"course-v1:MITxPRO+AMxB+1T2018","A123852","b30f0577ae11446a85aff7721bcfcf2f","problem+block","2018-05-12 21:21:41",0.883333333333333,"problem_graded","browser",NA,NA,NA,NA,NA
"course-v1:MITxPRO+AMxB+1T2018","A123852","b6a4f407524b40eeb08d984b32836876","problem+block","2018-05-12 21:22:34",0,"problem_graded","browser",NA,NA,NA,NA,NA
"course-v1:MITxPRO+AMxB+1T2018","A123852","b6a4f407524b40eeb08d984b32836876","problem+block","2018-05-12 21:22:34",0.566666666666667,"problem_check","server","block-v1:MITxPRO+AMxB+1T2018+type@problem+block@b6a4f407524b40eeb08d984b32836876",1,1,1,"correct"
"course-v1:MITxPRO+AMxB+1T2018","A123852","83df58e45bca4a728eb3dcb87532e1a1","problem+block","2018-05-12 21:23:08",0,"problem_graded","browser",NA,NA,NA,NA,NA
"course-v1:MITxPRO+AMxB+1T2018","A123852","83df58e45bca4a728eb3dcb87532e1a1","problem+block","2018-05-12 21:23:08",0.133333333333333,"problem_check","server","block-v1:MITxPRO+AMxB+1T2018+type@problem+block@83df58e45bca4a728eb3dcb87532e1a1",1,0,1,"incorrect"
"course-v1:MITxPRO+AMxB+1T2018","A123852","83df58e45bca4a728eb3dcb87532e1a1","problem+block","2018-05-12 21:23:16",0,"problem_check","server","block-v1:MITxPRO+AMxB+1T2018+type@problem+block@83df58e45bca4a728eb3dcb87532e1a1",2,0,1,"incorrect"
"course-v1:MITxPRO+AMxB+1T2018","A123852","83df58e45bca4a728eb3dcb87532e1a1","problem+block","2018-05-12 21:23:16",0.0333333333333333,"problem_graded","browser",NA,NA,NA,NA,NA
"course-v1:MITxPRO+AMxB+1T2018","A123852","83df58e45bca4a728eb3dcb87532e1a1","problem+block","2018-05-12 21:23:18",1.7,"problem_show","browser",NA,NA,NA,NA,NA
"course-v1:MITxPRO+AMxB+1T2018","A123852","1a4bb735ff0049dba3a0633edf68276a","problem+block","2018-05-12 21:25:00",0,"problem_graded","browser",NA,NA,NA,NA,NA
"course-v1:MITxPRO+AMxB+1T2018","A123852","1a4bb735ff0049dba3a0633edf68276a","problem+block","2018-05-12 21:25:00",0.283333333333333,"problem_check","server","block-v1:MITxPRO+AMxB+1T2018+type@problem+block@1a4bb735ff0049dba3a0633edf68276a",1,1,1,"correct"
"course-v1:MITxPRO+AMxB+1T2018","A123852","7228edcdafd748a8ba059ace1ec6a202","problem+block","2018-05-12 21:25:17",0,"problem_check","server","block-v1:MITxPRO+AMxB+1T2018+type@problem+block@7228edcdafd748a8ba059ace1ec6a202",1,1,1,"correct"
"course-v1:MITxPRO+AMxB+1T2018","A123852","7228edcdafd748a8ba059ace1ec6a202","problem+block","2018-05-12 21:25:17",0.0666666666666667,"problem_graded","browser",NA,NA,NA,NA,NA
"course-v1:MITxPRO+AMxB+1T2018","A123852","5fe15241fc4840f1a7fb294182265c39","html+block","2018-05-12 21:25:21",0,"edx.ui.lms.sequence.next_selected","browser",NA,NA,NA,NA,NA
"course-v1:MITxPRO+AMxB+1T2018","A123852","6ad12d818d9a441c87b8c41450b11f12","html+block","2018-05-12 21:25:21",0.0166666666666667,"mod_access","server",NA,NA,NA,NA,NA
"course-v1:MITxPRO+AMxB+1T2018","A123852","fc68686f026f4a1c8b21f5339ac0044c","video+block","2018-05-12 21:25:23",0.0833333333333333,"mod_access","server",NA,NA,NA,NA,NA
"course-v1:MITxPRO+AMxB+1T2018","A123852","fc68686f026f4a1c8b21f5339ac0044c","video+block","2018-05-12 21:25:28",4.6,"play_video","browser",NA,NA,NA,NA,NA
"course-v1:MITxPRO+AMxB+1T2018","A123852","fc68686f026f4a1c8b21f5339ac0044c","video+block","2018-05-12 21:30:12",0.0666666666666667,"play_video","browser",NA,NA,NA,NA,NA
"course-v1:MITxPRO+AMxB+1T2018","A123852","fc68686f026f4a1c8b21f5339ac0044c","video+block","2018-05-12 21:30:16",0.05,"play_video","browser",NA,NA,NA,NA,NA
"course-v1:MITxPRO+AMxB+1T2018","A123852","fc68686f026f4a1c8b21f5339ac0044c","video+block","2018-05-12 21:30:19",0,"play_video","browser",NA,NA,NA,NA,NA
"course-v1:MITxPRO+AMxB+1T2018","A123852","2afff631870d43df9cf42c91ff1c375f","problem+block","2018-05-12 21:31:21",0,"problem_graded","browser",NA,NA,NA,NA,NA
"course-v1:MITxPRO+AMxB+1T2018","A123852","2afff631870d43df9cf42c91ff1c375f","problem+block","2018-05-12 21:31:21",0.316666666666667,"problem_check","server","block-v1:MITxPRO+AMxB+1T2018+type@problem+block@2afff631870d43df9cf42c91ff1c375f",1,1,1,"correct"
"course-v1:MITxPRO+AMxB+1T2018","A123852","25a120914939487ab01f3e320cb238f4","problem+block","2018-05-12 21:31:40",0,"problem_graded","browser",NA,NA,NA,NA,NA
"course-v1:MITxPRO+AMxB+1T2018","A123852","25a120914939487ab01f3e320cb238f4","problem+block","2018-05-12 21:31:40",0.216666666666667,"problem_check","server","block-v1:MITxPRO+AMxB+1T2018+type@problem+block@25a120914939487ab01f3e320cb238f4",1,1,1,"correct"
"course-v1:MITxPRO+AMxB+1T2018","A123852","a8413f2779a14150bf1c83e9f5ea447c","problem+block","2018-05-12 21:31:53",0,"problem_check","server","block-v1:MITxPRO+AMxB+1T2018+type@problem+block@a8413f2779a14150bf1c83e9f5ea447c",1,1,1,"correct"
"course-v1:MITxPRO+AMxB+1T2018","A123852","a8413f2779a14150bf1c83e9f5ea447c","problem+block","2018-05-12 21:31:53",0.183333333333333,"problem_graded","browser",NA,NA,NA,NA,NA
"course-v1:MITxPRO+AMxB+1T2018","A123852","53b450f515af46c3b1eb571ec6d1fd4c","problem+block","2018-05-12 21:32:04",0,"problem_graded","browser",NA,NA,NA,NA,NA
"course-v1:MITxPRO+AMxB+1T2018","A123852","53b450f515af46c3b1eb571ec6d1fd4c","problem+block","2018-05-12 21:32:04",0.4,"problem_check","server","block-v1:MITxPRO+AMxB+1T2018+type@problem+block@53b450f515af46c3b1eb571ec6d1fd4c",1,1,1,"correct"
"course-v1:MITxPRO+AMxB+1T2018","A123852","905f0cf9e2374c818bf1263e9d7e2c00","problem+block","2018-05-12 21:32:28",0,"problem_graded","browser",NA,NA,NA,NA,NA
"course-v1:MITxPRO+AMxB+1T2018","A123852","905f0cf9e2374c818bf1263e9d7e2c00","problem+block","2018-05-12 21:32:28",0.05,"problem_check","server","block-v1:MITxPRO+AMxB+1T2018+type@problem+block@905f0cf9e2374c818bf1263e9d7e2c00",1,1,1,"correct"
"course-v1:MITxPRO+AMxB+1T2018","A123852","6ad12d818d9a441c87b8c41450b11f12","html+block","2018-05-12 21:32:31",0,"edx.ui.lms.sequence.next_selected","browser",NA,NA,NA,NA,NA
"course-v1:MITxPRO+AMxB+1T2018","A123852","8b1109f1bac740fc8974fb4eca386560","html+block","2018-05-12 21:32:31",0.0166666666666667,"mod_access","server",NA,NA,NA,NA,NA
"course-v1:MITxPRO+AMxB+1T2018","A123852","d5d74cf927094b04951635356b2c61a0","video+block","2018-05-12 21:32:34",0.0833333333333333,"mod_access","server",NA,NA,NA,NA,NA
"course-v1:MITxPRO+AMxB+1T2018","A123852","d5d74cf927094b04951635356b2c61a0","video+block","2018-05-12 21:32:39",0.233333333333333,"play_video","browser",NA,NA,NA,NA,NA
"course-v1:MITxPRO+AMxB+1T2018","A123852","d5d74cf927094b04951635356b2c61a0","video+block","2018-05-12 21:33:20",7.15,"play_video","browser",NA,NA,NA,NA,NA
"course-v1:MITxPRO+AMxB+1T2018","A123852","c9b70711831043beafffd7e1f034a339","problem+block","2018-05-12 21:40:49",0,"problem_graded","browser",NA,NA,NA,NA,NA
"course-v1:MITxPRO+AMxB+1T2018","A123852","c9b70711831043beafffd7e1f034a339","problem+block","2018-05-12 21:40:49",0.516666666666667,"problem_check","server","block-v1:MITxPRO+AMxB+1T2018+type@problem+block@c9b70711831043beafffd7e1f034a339",1,1,1,"correct"
"course-v1:MITxPRO+AMxB+1T2018","A123852","6dfd127f3e874ed3912d3372db0b3d35","problem+block","2018-05-12 21:41:20",0,"problem_check","server","block-v1:MITxPRO+AMxB+1T2018+type@problem+block@6dfd127f3e874ed3912d3372db0b3d35",1,0,1,"incorrect"
"course-v1:MITxPRO+AMxB+1T2018","A123852","6dfd127f3e874ed3912d3372db0b3d35","problem+block","2018-05-12 21:41:20",0.583333333333333,"problem_graded","browser",NA,NA,NA,NA,NA
"course-v1:MITxPRO+AMxB+1T2018","A123852","6dfd127f3e874ed3912d3372db0b3d35","problem+block","2018-05-12 21:41:55",0,"problem_check","server","block-v1:MITxPRO+AMxB+1T2018+type@problem+block@6dfd127f3e874ed3912d3372db0b3d35",2,0,1,"incorrect"
"course-v1:MITxPRO+AMxB+1T2018","A123852","6dfd127f3e874ed3912d3372db0b3d35","problem+block","2018-05-12 21:41:55",0.05,"problem_graded","browser",NA,NA,NA,NA,NA
"course-v1:MITxPRO+AMxB+1T2018","A123852","6dfd127f3e874ed3912d3372db0b3d35","problem+block","2018-05-12 21:41:58",0.666666666666667,"problem_show","browser",NA,NA,NA,NA,NA
"course-v1:MITxPRO+AMxB+1T2018","A123852","75e15653e2d84fcd84a2b1b2c0949dd0","problem+block","2018-05-12 21:42:38",0,"problem_check","server","block-v1:MITxPRO+AMxB+1T2018+type@problem+block@75e15653e2d84fcd84a2b1b2c0949dd0",1,1,1,"correct"
"course-v1:MITxPRO+AMxB+1T2018","A123852","75e15653e2d84fcd84a2b1b2c0949dd0","problem+block","2018-05-12 21:42:38",0.0666666666666667,"problem_graded","browser",NA,NA,NA,NA,NA
"course-v1:MITxPRO+AMxB+1T2018","A123852","8b1109f1bac740fc8974fb4eca386560","html+block","2018-05-12 21:42:42",0.0166666666666667,"edx.ui.lms.sequence.next_selected","browser",NA,NA,NA,NA,NA
"course-v1:MITxPRO+AMxB+1T2018","A123852","9e07d9bd17d84172858e4e2d7c7f3e4b","html+block","2018-05-12 21:42:43",0.0166666666666667,"mod_access","server",NA,NA,NA,NA,NA
"course-v1:MITxPRO+AMxB+1T2018","A123852","638d08a4940d462481093ee144f85401","video+block","2018-05-12 21:42:45",0,"mod_access","server",NA,NA,NA,NA,NA
"course-v1:MITxPRO+AMxB+1T2018","A123852","c4cb65c90b7145dca401224eabfa1241","video+block","2018-05-12 21:42:45",0,"mod_access","server",NA,NA,NA,NA,NA
"course-v1:MITxPRO+AMxB+1T2018","A123852","638d08a4940d462481093ee144f85401","video+block","2018-05-12 21:42:55",4.61666666666667,"play_video","browser",NA,NA,NA,NA,NA
"course-v1:MITxPRO+AMxB+1T2018","A123852","638d08a4940d462481093ee144f85401","video+block","2018-05-12 22:03:53",0.0166666666666667,"play_video","browser",NA,NA,NA,NA,NA
"course-v1:MITxPRO+AMxB+1T2018","A123852","638d08a4940d462481093ee144f85401","video+block","2018-05-12 22:03:55",0.05,"play_video","browser",NA,NA,NA,NA,NA
"course-v1:MITxPRO+AMxB+1T2018","A123852","638d08a4940d462481093ee144f85401","video+block","2018-05-12 22:03:58",0,"play_video","browser",NA,NA,NA,NA,NA
"course-v1:MITxPRO+AMxB+1T2018","A123852","638d08a4940d462481093ee144f85401","video+block","2018-05-12 22:04:01",0,"play_video","browser",NA,NA,NA,NA,NA
"course-v1:MITxPRO+AMxB+1T2018","A123852","638d08a4940d462481093ee144f85401","video+block","2018-05-12 22:04:03",0,"play_video","browser",NA,NA,NA,NA,NA
"course-v1:MITxPRO+AMxB+1T2018","A123852","638d08a4940d462481093ee144f85401","video+block","2018-05-12 22:04:07",0.0166666666666667,"play_video","browser",NA,NA,NA,NA,NA
"course-v1:MITxPRO+AMxB+1T2018","A123852","638d08a4940d462481093ee144f85401","video+block","2018-05-12 22:04:08",0,"play_video","browser",NA,NA,NA,NA,NA
"course-v1:MITxPRO+AMxB+1T2018","A123852","638d08a4940d462481093ee144f85401","video+block","2018-05-12 22:13:56",0.05,"play_video","browser",NA,NA,NA,NA,NA
"course-v1:MITxPRO+AMxB+1T2018","A123852","638d08a4940d462481093ee144f85401","video+block","2018-05-12 22:14:44",0.0666666666666667,"play_video","browser",NA,NA,NA,NA,NA
"course-v1:MITxPRO+AMxB+1T2018","A123852","638d08a4940d462481093ee144f85401","video+block","2018-05-12 22:16:21",0.05,"play_video","browser",NA,NA,NA,NA,NA
"course-v1:MITxPRO+AMxB+1T2018","A123852","638d08a4940d462481093ee144f85401","video+block","2018-05-12 22:17:21",0.05,"play_video","browser",NA,NA,NA,NA,NA
"course-v1:MITxPRO+AMxB+1T2018","A123852","638d08a4940d462481093ee144f85401","video+block","2018-05-12 22:17:50",0.0833333333333333,"play_video","browser",NA,NA,NA,NA,NA
"course-v1:MITxPRO+AMxB+1T2018","A123852","638d08a4940d462481093ee144f85401","video+block","2018-05-12 22:27:15",0.116666666666667,"play_video","browser",NA,NA,NA,NA,NA
"course-v1:MITxPRO+AMxB+1T2018","A123852","2ad839c226ab44539d98e2a1e84e439f","html+block","2018-05-12 22:54:35",0,"mod_access","server",NA,NA,NA,NA,NA
"course-v1:MITxPRO+AMxB+1T2018","A123852","9e07d9bd17d84172858e4e2d7c7f3e4b","html+block","2018-05-12 22:54:35",0.0166666666666667,"edx.ui.lms.sequence.next_selected","browser",NA,NA,NA,NA,NA
"course-v1:MITxPRO+AMxB+1T2018","A123852","2ad839c226ab44539d98e2a1e84e439f","html+block","2018-05-12 22:55:45",0,"seq_next","browser",NA,NA,NA,NA,NA
"course-v1:MITxPRO+AMxB+1T2018","A123852","19f5efdd71494972b03a02f445dc98fa","openassessment+block","2018-05-12 22:55:45",0,"mod_access","server",NA,NA,NA,NA,NA
"course-v1:MITxPRO+AMxB+1T2018","A123852","19f5efdd71494972b03a02f445dc98fa","openassessment+block","2018-05-12 22:55:45",0,"mod_access","server",NA,NA,NA,NA,NA
"course-v1:MITxPRO+AMxB+1T2018","A123852","19f5efdd71494972b03a02f445dc98fa","openassessment+block","2018-05-12 22:55:45",0,"mod_access","server",NA,NA,NA,NA,NA
"course-v1:MITxPRO+AMxB+1T2018","A123852","19f5efdd71494972b03a02f445dc98fa","openassessment+block","2018-05-12 22:55:45",0,"mod_access","server",NA,NA,NA,NA,NA
"course-v1:MITxPRO+AMxB+1T2018","A123852","19f5efdd71494972b03a02f445dc98fa","openassessment+block","2018-05-12 22:55:45",0,"mod_access","server",NA,NA,NA,NA,NA
"course-v1:MITxPRO+AMxB+1T2018","A123852","19f5efdd71494972b03a02f445dc98fa","openassessment+block","2018-05-12 22:55:45",0.0166666666666667,"mod_access","server",NA,NA,NA,NA,NA
"course-v1:MITxPRO+AMxB+1T2018","A123852","19f5efdd71494972b03a02f445dc98fa","openassessment+block","2018-05-12 22:55:46",0,"mod_access","server",NA,NA,NA,NA,NA
"course-v1:MITxPRO+AMxB+1T2018","A123852","19f5efdd71494972b03a02f445dc98fa","openassessment+block","2018-05-12 22:55:46",1.6,"mod_access","server",NA,NA,NA,NA,NA
"course-v1:MITxPRO+AMxB+1T2018","A123852","c076a6e427c34d0c99c5bb95cbce05e5","html+block","2018-05-12 22:57:22",0.0333333333333333,"seq_prev","browser",NA,NA,NA,NA,NA
"course-v1:MITxPRO+AMxB+1T2018","A123852","2ad839c226ab44539d98e2a1e84e439f","html+block","2018-05-12 22:57:24",0,"edx.ui.lms.sequence.previous_selected","browser",NA,NA,NA,NA,NA
"course-v1:MITxPRO+AMxB+1T2018","A123852","9e07d9bd17d84172858e4e2d7c7f3e4b","html+block","2018-05-12 22:57:24",0.0333333333333333,"mod_access","server",NA,NA,NA,NA,NA
"course-v1:MITxPRO+AMxB+1T2018","A123852","c4cb65c90b7145dca401224eabfa1241","video+block","2018-05-12 22:57:27",0,"mod_access","server",NA,NA,NA,NA,NA
"course-v1:MITxPRO+AMxB+1T2018","A123852","638d08a4940d462481093ee144f85401","video+block","2018-05-12 22:57:27",0,"mod_access","server",NA,NA,NA,NA,NA
"course-v1:MITxPRO+AMxB+1T2018","A123852","9e07d9bd17d84172858e4e2d7c7f3e4b","html+block","2018-05-12 22:57:30",0.0166666666666667,"edx.ui.lms.sequence.next_selected","browser",NA,NA,NA,NA,NA
"course-v1:MITxPRO+AMxB+1T2018","A123852","2ad839c226ab44539d98e2a1e84e439f","html+block","2018-05-12 22:57:31",0.0166666666666667,"mod_access","server",NA,NA,NA,NA,NA
"course-v1:MITxPRO+AMxB+1T2018","A123852","19f5efdd71494972b03a02f445dc98fa","openassessment+block","2018-05-12 23:01:08",0,"mod_access","server",NA,NA,NA,NA,NA
"course-v1:MITxPRO+AMxB+1T2018","A123852","19f5efdd71494972b03a02f445dc98fa","openassessment+block","2018-05-12 23:01:08",0,"mod_access","server",NA,NA,NA,NA,NA
"course-v1:MITxPRO+AMxB+1T2018","A123852","19f5efdd71494972b03a02f445dc98fa","openassessment+block","2018-05-12 23:01:08",0,"mod_access","server",NA,NA,NA,NA,NA
"course-v1:MITxPRO+AMxB+1T2018","A123852","19f5efdd71494972b03a02f445dc98fa","openassessment+block","2018-05-12 23:01:08",0,"mod_access","server",NA,NA,NA,NA,NA
"course-v1:MITxPRO+AMxB+1T2018","A123852","19f5efdd71494972b03a02f445dc98fa","openassessment+block","2018-05-12 23:01:08",0,"mod_access","server",NA,NA,NA,NA,NA
"course-v1:MITxPRO+AMxB+1T2018","A123852","19f5efdd71494972b03a02f445dc98fa","openassessment+block","2018-05-12 23:01:08",0,"mod_access","server",NA,NA,NA,NA,NA
"course-v1:MITxPRO+AMxB+1T2018","A123852","2ad839c226ab44539d98e2a1e84e439f","html+block","2018-05-12 23:01:08",0,"seq_next","browser",NA,NA,NA,NA,NA
"course-v1:MITxPRO+AMxB+1T2018","A123852","19f5efdd71494972b03a02f445dc98fa","openassessment+block","2018-05-12 23:01:08",0,"mod_access","server",NA,NA,NA,NA,NA
"course-v1:MITxPRO+AMxB+1T2018","A123852","19f5efdd71494972b03a02f445dc98fa","openassessment+block","2018-05-12 23:01:08",29.3166666666667,"mod_access","server",NA,NA,NA,NA,NA
"course-v1:MITxPRO+AMxB+1T2018","A123852","19f5efdd71494972b03a02f445dc98fa","openassessment+block","2018-05-12 23:30:27",0,"openassessmentblock.save_submission","server",NA,NA,NA,NA,NA
"course-v1:MITxPRO+AMxB+1T2018","A123852","19f5efdd71494972b03a02f445dc98fa","openassessment+block","2018-05-12 23:30:27",0.1,"mod_access","server",NA,NA,NA,NA,NA
"course-v1:MITxPRO+AMxB+1T2018","A123852","19f5efdd71494972b03a02f445dc98fa","openassessment+block","2018-05-12 23:30:33",0.0166666666666667,"mod_access","server",NA,NA,NA,NA,NA
"course-v1:MITxPRO+AMxB+1T2018","A123852","19f5efdd71494972b03a02f445dc98fa","openassessment+block","2018-05-12 23:30:34",0,"mod_access","server",NA,NA,NA,NA,NA
"course-v1:MITxPRO+AMxB+1T2018","A123852","19f5efdd71494972b03a02f445dc98fa","openassessment+block","2018-05-12 23:30:34",0,"mod_access","server",NA,NA,NA,NA,NA
"course-v1:MITxPRO+AMxB+1T2018","A123852","19f5efdd71494972b03a02f445dc98fa","openassessment+block","2018-05-12 23:30:34",0,"openassessmentblock.get_peer_submission","server",NA,NA,NA,NA,NA
"course-v1:MITxPRO+AMxB+1T2018","A123852","19f5efdd71494972b03a02f445dc98fa","openassessment+block","2018-05-12 23:30:34",0,"mod_access","server",NA,NA,NA,NA,NA
"course-v1:MITxPRO+AMxB+1T2018","A123852","19f5efdd71494972b03a02f445dc98fa","openassessment+block","2018-05-12 23:30:34",0,"mod_access","server",NA,NA,NA,NA,NA
"course-v1:MITxPRO+AMxB+1T2018","A123852","19f5efdd71494972b03a02f445dc98fa","openassessment+block","2018-05-12 23:30:34",0,"mod_access","server",NA,NA,NA,NA,NA
"course-v1:MITxPRO+AMxB+1T2018","A123852","19f5efdd71494972b03a02f445dc98fa","openassessment+block","2018-05-12 23:30:34",0,"openassessmentblock.create_submission","server",NA,NA,NA,NA,NA
"course-v1:MITxPRO+AMxB+1T2018","A123852","19f5efdd71494972b03a02f445dc98fa","openassessment+block","2018-05-12 23:30:34",0,"mod_access","server",NA,NA,NA,NA,NA
"course-v1:MITxPRO+AMxB+1T2018","A123852","19f5efdd71494972b03a02f445dc98fa","openassessment+block","2018-05-12 23:30:34",0,"mod_access","server",NA,NA,NA,NA,NA
"course-v1:MITxPRO+AMxB+1T2018","A123852","19f5efdd71494972b03a02f445dc98fa","openassessment+block","2018-05-12 23:30:34",0,"mod_access","server",NA,NA,NA,NA,NA
"course-v1:MITxPRO+AMxB+1T2018","A123852","2ad839c226ab44539d98e2a1e84e439f","html+block","2018-05-14 05:47:40",0.0333333333333333,"mod_access","server",NA,NA,NA,NA,NA
"course-v1:MITxPRO+AMxB+1T2018","A123852","19f5efdd71494972b03a02f445dc98fa","openassessment+block","2018-05-14 05:47:42",0,"mod_access","server",NA,NA,NA,NA,NA
"course-v1:MITxPRO+AMxB+1T2018","A123852","19f5efdd71494972b03a02f445dc98fa","openassessment+block","2018-05-14 05:47:42",0,"mod_access","server",NA,NA,NA,NA,NA
"course-v1:MITxPRO+AMxB+1T2018","A123852","19f5efdd71494972b03a02f445dc98fa","openassessment+block","2018-05-14 05:47:42",0,"mod_access","server",NA,NA,NA,NA,NA
"course-v1:MITxPRO+AMxB+1T2018","A123852","19f5efdd71494972b03a02f445dc98fa","openassessment+block","2018-05-14 05:47:42",0,"mod_access","server",NA,NA,NA,NA,NA
"course-v1:MITxPRO+AMxB+1T2018","A123852","19f5efdd71494972b03a02f445dc98fa","openassessment+block","2018-05-14 05:47:42",0,"mod_access","server",NA,NA,NA,NA,NA
"course-v1:MITxPRO+AMxB+1T2018","A123852","19f5efdd71494972b03a02f445dc98fa","openassessment+block","2018-05-14 05:47:42",0,"openassessmentblock.get_peer_submission","server",NA,NA,NA,NA,NA
"course-v1:MITxPRO+AMxB+1T2018","A123852","19f5efdd71494972b03a02f445dc98fa","openassessment+block","2018-05-14 05:47:42",0,"mod_access","server",NA,NA,NA,NA,NA
"course-v1:MITxPRO+AMxB+1T2018","A123852","19f5efdd71494972b03a02f445dc98fa","openassessment+block","2018-05-14 05:47:42",0,"mod_access","server",NA,NA,NA,NA,NA
"course-v1:MITxPRO+AMxB+1T2018","A123852","19f5efdd71494972b03a02f445dc98fa","openassessment+block","2018-05-14 05:47:42",0,"mod_access","server",NA,NA,NA,NA,NA
"course-v1:MITxPRO+AMxB+1T2018","A123852","19f5efdd71494972b03a02f445dc98fa","openassessment+block","2018-05-14 07:43:38",0,"openassessmentblock.peer_assess","server",NA,NA,NA,NA,NA
"course-v1:MITxPRO+AMxB+1T2018","A123852","19f5efdd71494972b03a02f445dc98fa","openassessment+block","2018-05-14 07:43:38",0,"openassessmentblock.get_peer_submission","server",NA,NA,NA,NA,NA
"course-v1:MITxPRO+AMxB+1T2018","A123852","19f5efdd71494972b03a02f445dc98fa","openassessment+block","2018-05-14 07:43:38",0.0166666666666667,"mod_access","server",NA,NA,NA,NA,NA
"course-v1:MITxPRO+AMxB+1T2018","A123852","19f5efdd71494972b03a02f445dc98fa","openassessment+block","2018-05-14 07:43:39",0,"mod_access","server",NA,NA,NA,NA,NA
"course-v1:MITxPRO+AMxB+1T2018","A123852","19f5efdd71494972b03a02f445dc98fa","openassessment+block","2018-05-14 07:43:39",0,"openassessmentblock.get_peer_submission","server",NA,NA,NA,NA,NA
"course-v1:MITxPRO+AMxB+1T2018","A123852","19f5efdd71494972b03a02f445dc98fa","openassessment+block","2018-05-14 07:43:39",0,"mod_access","server",NA,NA,NA,NA,NA
"course-v1:MITxPRO+AMxB+1T2018","A123852","19f5efdd71494972b03a02f445dc98fa","openassessment+block","2018-05-14 07:43:39",0,"mod_access","server",NA,NA,NA,NA,NA
"course-v1:MITxPRO+AMxB+1T2018","A123852","19f5efdd71494972b03a02f445dc98fa","openassessment+block","2018-05-14 07:43:39",0,"mod_access","server",NA,NA,NA,NA,NA
"course-v1:MITxPRO+AMxB+1T2018","A123852","19f5efdd71494972b03a02f445dc98fa","openassessment+block","2018-05-14 07:43:39",0,"mod_access","server",NA,NA,NA,NA,NA
"course-v1:MITxPRO+AMxB+1T2018","A123852","19f5efdd71494972b03a02f445dc98fa","openassessment+block","2018-05-14 07:43:39",0,"mod_access","server",NA,NA,NA,NA,NA
"course-v1:MITxPRO+AMxB+1T2018","A123852","19f5efdd71494972b03a02f445dc98fa","openassessment+block","2018-05-14 07:43:39",0,"mod_access","server",NA,NA,NA,NA,NA
"course-v1:MITxPRO+AMxB+1T2018","A123852","2ad839c226ab44539d98e2a1e84e439f","html+block","2018-05-14 16:01:23",0.05,"mod_access","server",NA,NA,NA,NA,NA
"course-v1:MITxPRO+AMxB+1T2018","A123852","19f5efdd71494972b03a02f445dc98fa","openassessment+block","2018-05-14 16:01:26",0,"mod_access","server",NA,NA,NA,NA,NA
"course-v1:MITxPRO+AMxB+1T2018","A123852","19f5efdd71494972b03a02f445dc98fa","openassessment+block","2018-05-14 16:01:26",0,"mod_access","server",NA,NA,NA,NA,NA
"course-v1:MITxPRO+AMxB+1T2018","A123852","19f5efdd71494972b03a02f445dc98fa","openassessment+block","2018-05-14 16:01:26",0,"mod_access","server",NA,NA,NA,NA,NA
"course-v1:MITxPRO+AMxB+1T2018","A123852","19f5efdd71494972b03a02f445dc98fa","openassessment+block","2018-05-14 16:01:26",0,"mod_access","server",NA,NA,NA,NA,NA
"course-v1:MITxPRO+AMxB+1T2018","A123852","19f5efdd71494972b03a02f445dc98fa","openassessment+block","2018-05-14 16:01:26",0,"mod_access","server",NA,NA,NA,NA,NA
"course-v1:MITxPRO+AMxB+1T2018","A123852","19f5efdd71494972b03a02f445dc98fa","openassessment+block","2018-05-14 16:01:26",0,"mod_access","server",NA,NA,NA,NA,NA
"course-v1:MITxPRO+AMxB+1T2018","A123852","19f5efdd71494972b03a02f445dc98fa","openassessment+block","2018-05-14 16:01:26",0,"mod_access","server",NA,NA,NA,NA,NA
"course-v1:MITxPRO+AMxB+1T2018","A123852","19f5efdd71494972b03a02f445dc98fa","openassessment+block","2018-05-14 16:01:26",0.0166666666666667,"mod_access","server",NA,NA,NA,NA,NA
"course-v1:MITxPRO+AMxB+1T2018","A123852","19f5efdd71494972b03a02f445dc98fa","openassessment+block","2018-05-14 16:01:27",28.3666666666667,"openassessmentblock.get_peer_submission","server",NA,NA,NA,NA,NA
"course-v1:MITxPRO+AMxB+1T2018","A123852","19f5efdd71494972b03a02f445dc98fa","openassessment+block","2018-05-14 16:29:49",0,"mod_access","server",NA,NA,NA,NA,NA
"course-v1:MITxPRO+AMxB+1T2018","A123852","19f5efdd71494972b03a02f445dc98fa","openassessment+block","2018-05-14 16:29:49",0,"mod_access","server",NA,NA,NA,NA,NA
"course-v1:MITxPRO+AMxB+1T2018","A123852","19f5efdd71494972b03a02f445dc98fa","openassessment+block","2018-05-14 16:29:49",0,"openassessmentblock.get_peer_submission","server",NA,NA,NA,NA,NA
"course-v1:MITxPRO+AMxB+1T2018","A123852","19f5efdd71494972b03a02f445dc98fa","openassessment+block","2018-05-14 16:29:49",0.0166666666666667,"openassessmentblock.peer_assess","server",NA,NA,NA,NA,NA
"course-v1:MITxPRO+AMxB+1T2018","A123852","19f5efdd71494972b03a02f445dc98fa","openassessment+block","2018-05-14 16:29:50",0,"mod_access","server",NA,NA,NA,NA,NA
"course-v1:MITxPRO+AMxB+1T2018","A123852","19f5efdd71494972b03a02f445dc98fa","openassessment+block","2018-05-14 16:29:50",0,"mod_access","server",NA,NA,NA,NA,NA
"course-v1:MITxPRO+AMxB+1T2018","A123852","19f5efdd71494972b03a02f445dc98fa","openassessment+block","2018-05-14 16:29:50",0,"mod_access","server",NA,NA,NA,NA,NA
"course-v1:MITxPRO+AMxB+1T2018","A123852","19f5efdd71494972b03a02f445dc98fa","openassessment+block","2018-05-14 16:29:50",0,"mod_access","server",NA,NA,NA,NA,NA
"course-v1:MITxPRO+AMxB+1T2018","A123852","19f5efdd71494972b03a02f445dc98fa","openassessment+block","2018-05-14 16:29:50",3.35,"mod_access","server",NA,NA,NA,NA,NA
"course-v1:MITxPRO+AMxB+1T2018","A123852","19f5efdd71494972b03a02f445dc98fa","openassessment+block","2018-05-14 16:33:11",0,"openassessmentblock.submit_feedback_on_assessments","server",NA,NA,NA,NA,NA
"course-v1:MITxPRO+AMxB+1T2018","A123852","19f5efdd71494972b03a02f445dc98fa","openassessment+block","2018-05-14 16:33:11",0.233333333333333,"mod_access","server",NA,NA,NA,NA,NA
"course-v1:MITxPRO+AMxB+1T2018","A123852","2ad839c226ab44539d98e2a1e84e439f","html+block","2018-05-15 00:24:08",0.0166666666666667,"mod_access","server",NA,NA,NA,NA,NA
"course-v1:MITxPRO+AMxB+1T2018","A123852","19f5efdd71494972b03a02f445dc98fa","openassessment+block","2018-05-15 00:24:10",0,"mod_access","server",NA,NA,NA,NA,NA
"course-v1:MITxPRO+AMxB+1T2018","A123852","19f5efdd71494972b03a02f445dc98fa","openassessment+block","2018-05-15 00:24:10",0,"mod_access","server",NA,NA,NA,NA,NA
"course-v1:MITxPRO+AMxB+1T2018","A123852","19f5efdd71494972b03a02f445dc98fa","openassessment+block","2018-05-15 00:24:10",0,"mod_access","server",NA,NA,NA,NA,NA
"course-v1:MITxPRO+AMxB+1T2018","A123852","19f5efdd71494972b03a02f445dc98fa","openassessment+block","2018-05-15 00:24:10",0,"mod_access","server",NA,NA,NA,NA,NA
"course-v1:MITxPRO+AMxB+1T2018","A123852","19f5efdd71494972b03a02f445dc98fa","openassessment+block","2018-05-15 00:24:10",0,"mod_access","server",NA,NA,NA,NA,NA
"course-v1:MITxPRO+AMxB+1T2018","A123852","19f5efdd71494972b03a02f445dc98fa","openassessment+block","2018-05-15 00:24:10",0,"mod_access","server",NA,NA,NA,NA,NA
"course-v1:MITxPRO+AMxB+1T2018","A123852","19f5efdd71494972b03a02f445dc98fa","openassessment+block","2018-05-15 00:24:10",0,"mod_access","server",NA,NA,NA,NA,NA
"course-v1:MITxPRO+AMxB+1T2018","A123852","19f5efdd71494972b03a02f445dc98fa","openassessment+block","2018-05-15 00:24:10",1.01666666666667,"mod_access","server",NA,NA,NA,NA,NA
"course-v1:MITxPRO+AMxB+1T2018","A123852","2ad839c226ab44539d98e2a1e84e439f","html+block","2018-05-15 00:25:11",0,"edx.ui.lms.sequence.next_selected","browser",NA,NA,NA,NA,NA
"course-v1:MITxPRO+AMxB+1T2018","A123852","d96704d24a68401eaad4628b30fdb889","html+block","2018-05-15 00:25:11",0.0333333333333333,"mod_access","server",NA,NA,NA,NA,NA
"course-v1:MITxPRO+AMxB+1T2018","A123852","17707229e69e428f8b8350b8c87c157e","video+block","2018-05-15 00:25:13",0.0833333333333333,"mod_access","server",NA,NA,NA,NA,NA
"course-v1:MITxPRO+AMxB+1T2018","A123852","17707229e69e428f8b8350b8c87c157e","video+block","2018-05-15 00:25:18",2.95,"play_video","browser",NA,NA,NA,NA,NA
"course-v1:MITxPRO+AMxB+1T2018","A123852","d96704d24a68401eaad4628b30fdb889","html+block","2018-05-15 00:28:18",0,"edx.ui.lms.sequence.next_selected","browser",NA,NA,NA,NA,NA
"course-v1:MITxPRO+AMxB+1T2018","A123852","89f61d355af44e16ac1f9654029f89e0","html+block","2018-05-15 00:28:18",0.0166666666666667,"mod_access","server",NA,NA,NA,NA,NA
